,PERMIT_ID,NAMEADDR,IN_CONSTRUCTION,YEAR_END_PREDICTED,QUARTER_END_PREDICTED,UNITS,NET_UNITS,PERMIT_DATE_YEAR,PERMIT_DATE_QUARTER,DURATION_PREDICTED,COST
209,N201603172392,HOPE SF POTRERO (BP ISSUED),1,2019,2,1600,994,2016,4,9,21800000
57,N201309045886,801 BRANNAN ST,1,2017,1,557,557,2014,3,9,127060484
36896,N201606200387,South Van Ness Ave 49,0,2020,2,550,550,2017,4,9,400000000
30383,N201310280433,08th St 33,0,2016,2,550,550,2013,4,9,3000000
10,N201209069080,TRINITY PLAZA,1,2016,2,550,550,2013,4,9,133333000
38010,N201707131860,01st St 245,0,2020,2,546,546,2017,4,9,1
33544,N201503110506,Folsom St 510,0,2019,2,545,545,2016,1,12,189838000
38020,N201707202450,Market St 1169,0,2020,1,501,501,2017,3,9,12760000
30538,N201311152095,Mission St 1188,0,2016,2,440,440,2013,4,9,400000
37703,N201701247758,Brannan St 801,0,2019,3,434,434,2017,1,9,250000
37418,N201610200809,Van Ness Ave 150,0,2019,2,431,431,2016,4,9,100000
165,N201406138394,150 VAN NESS AV,1,2018,4,431,431,2016,2,9,108000000
170,N201404304554,41 TEHAMA ST,1,2018,1,418,418,2015,3,9,106869000
28462,N201211144194,Mission St 1190,0,2016,2,418,418,2013,1,12,5000
36762,N201605177694,08th St 350,0,2018,4,408,408,2016,2,9,5000
37839,N201703232170,Tehama St 41,0,2020,1,403,403,2017,3,9,1
32061,N201406259481,Folsom St 160,0,2019,2,390,390,2016,4,9,195723000
171,N201406259383,800 INDIANA ST,1,2018,2,326,326,2015,4,9,115000000
36627,N201604215372,Lansing St 45,0,2019,3,320,320,2017,1,9,1
58,N201312234917,1201 - 1225 TENNESSEE ST,1,2017,4,300,300,2015,2,9,73394456
34440,N201506108643,Long Bridge St 718,0,2018,1,263,263,2015,3,9,1
35746,N201512145054,22nd St 1395,0,2019,4,256,256,2017,2,9,110000000
35020,N201509227707,,0,2019,2,250,250,2016,4,9,63874478
27844,N201207124724,Main St 338,0,2015,4,245,245,2013,2,9,98015300
37959,N201705257627,03rd St 701,0,2020,1,230,230,2017,3,9,1
36394,N201603141910,04th St 250,0,2018,4,208,208,2016,2,9,5000
27955,N201208016312,Mission St 1880,0,2015,1,202,202,2012,3,9,1
37928,N201705116353,Silver Ave 302,0,2020,1,198,198,2017,3,9,1500000
33601,N201503181252,03rd St 1000,0,2018,1,198,198,2015,3,9,6446086
172,N201408133775,MISSION BAY BLOCK 1 (RESIDENTIAL) 03RD,1,2018,1,198,198,2015,3,9,86000000
32022,N201406239109,Bryant St 2000,0,2020,1,194,194,2017,3,9,50000000
30205,N201310048548,Mission St 1400,0,2016,2,190,190,2013,4,9,3000000
32406,N201408204325,Octavia St 323,0,2018,2,182,182,2015,4,9,10000
31240,N201402269385,Octavia St 325,0,2017,1,182,182,2014,3,9,1
27228,N201203196326,05th St 240,0,2015,1,182,182,2012,3,9,888104
37911,N201705025455,16th St 1301,0,2020,1,172,172,2017,3,9,40000000
37109,N201608094564,04th St 1200,0,2019,2,172,172,2016,4,9,460895
37903,N201704285234,Mission St 706,0,2020,1,169,169,2017,3,9,1
30729,N201312174400,Polk St 101,0,2016,4,162,162,2014,2,9,100000
37991,N201706219968,Market St 1699,0,2020,1,160,160,2017,3,9,160000
35215,N201510301302,Mission St 526,0,2019,4,156,156,2017,1,10,270000000
29657,N201306250398,Henry Adams St 1,0,2017,1,156,156,2014,3,9,40000000
36325,N201603010904,Arkansas St 210,0,2019,1,154,154,2016,3,9,50000000
173,N201408133766,MISSION BAY BLOCK 1 (RESIDENTIAL) CHANNEL,1,2018,1,152,152,2015,3,9,50000000
36339,N201603031058,Mariposa St 1601,0,2019,1,145,145,2016,3,9,40000000
174,N201507272485,MISSION BAY BLOCK 6E,1,2018,1,143,143,2016,1,7,48657306
11,N201305015894,181 FREMONT ST,1,2016,2,140,140,2013,4,9,136313594
37204,N201608296231,Fulton St 555,0,2019,4,139,139,2017,2,9,1
13,N201305036062,555 FULTON ST,1,2016,4,139,139,2014,1,10,48723500
37043,N201607253262,Harrison St 1532,0,2020,1,136,136,2017,3,9,32000000
32932,N201411262650,King St 144,0,2017,3,132,132,2015,1,9,10000
35238,N201511021443,Arkansas St 88,0,2019,2,127,127,2016,4,9,30251721
59,N201501236565,HOPE SF ALICE GRIFFITH,1,2017,4,122,122,2015,4,7,39000000
36501,N201604013681,Howard St 75,0,2020,2,120,120,2017,4,9,146916000
37616,N201612215523,03rd St 1150,0,2019,4,119,119,2017,2,9,45000000
36686,N201605046495,Fremont St 325,0,2019,3,118,118,2017,1,9,43500000
60,N201311202410,923 FOLSOM ST,1,2017,4,115,115,2015,2,9,35000000
38035,N201708185215,Taylor St 210,0,2020,2,113,113,2017,4,9,50000
61,N201411101145,1140 FOLSOM ST,1,2017,4,112,112,2015,4,7,17450000
35216,N201510301303,01st St 50,0,2020,2,109,109,2017,3,10,520000000
29646,N201306210213,03rd St 2171,0,2019,4,109,109,2017,2,9,43100000
30583,N201311222657,Market St 1554,0,2019,2,109,109,2016,4,9,41000000
37918,N201705055803,Fell St 455,0,2020,1,108,108,2017,3,9,375000
62,N201312033256,1545 PINE ST,1,2017,4,107,107,2015,4,7,39000000
29509,N201305217545,Sutter St 1285,0,2016,1,107,107,2013,3,9,1
14337,N200606144063,09th St 66,0,2015,4,107,107,2007,2,33,28000000
31983,N201406178645,03rd St 2121,0,2017,1,105,105,2014,3,9,3000
37782,N201702280331,06th St 363,0,2019,4,104,104,2017,4,7,17893508
36092,N201602179763,06th St 345,0,2019,4,102,102,2017,2,9,6000000
37059,N201607273531,Pine St 1545,0,2020,1,100,100,2017,3,9,150000
34408,N201506058279,Turk St 1239,0,2018,2,98,98,2015,4,9,25000
12290,N200512281145,Executive Park Blvd 101,0,2013,3,98,98,2007,3,23,35181000
64,N201406279814,2051 03RD ST,1,2017,4,97,97,2015,2,9,32903228
37158,N201608195545,Shotwell St 1294,0,2019,4,94,94,2017,2,9,33000000
65,N201312093691,645 TEXAS ST,1,2017,4,94,94,2015,1,10,30000000
25371,N201012217062,Townsend St 178,0,2014,2,94,94,2011,1,12,350000
37829,N201703171746,03rd St 2051,0,2019,4,93,93,2017,4,7,10000
175,N201405286908,1075 MARKET ST,1,2018,3,90,90,2016,3,7,27000000
176,N201405054911,815 TENNESSEE ST,1,2018,2,88,88,2016,2,7,21000000
16,N201312134180,2198 MARKET ST,1,2016,4,87,87,2014,4,7,20000000
66,N201406249199,TRANSBAY BLOCK 7,1,2017,2,85,85,2015,2,7,8683195
25095,N201010052342,South Van Ness Ave 490,0,2017,4,84,84,2015,2,9,20500000
37851,N201703312961,Mission St 1036,0,2019,3,83,83,2017,3,7,590000
67,N201406269523,1036 - 1040 MISSION ST,1,2017,3,83,83,2015,3,7,30000000
17,N201204168406,800 PRESIDIO AV,1,2016,4,83,83,2014,2,9,15000000
9820,N200506084563,Battery St 810,0,2011,4,81,81,2005,4,23,325000
34593,N201507060668,Laguna St 95,0,2018,4,79,79,2016,2,9,25000000
178,N201602230301,750 HARRISON ST,1,2018,3,79,79,2016,3,7,10000000
18,N201303273113,344 - 388 FULTON ST,1,2016,2,75,75,2013,4,9,12500000
30068,N201309116515,Fremont St 183,0,2015,4,74,74,2013,4,7,4200000
32078,N201406279737,West Point Rd 146,0,2017,3,72,72,2015,3,7,26000000
30151,N201309257711,03rd St 2290,0,2018,3,71,71,2016,3,7,11910000
37433,N201610241023,Potrero Ave 338,0,2018,1,70,70,2017,1,3,60000
37658,N201701046469,Tennessee St 815,0,2018,1,69,69,2017,1,3,100000
19,N201211295086,200 - 214 06TH ST,1,2016,4,67,67,2014,1,10,16738000
31488,N201404113014,Gough St 463,0,2016,4,63,63,2014,4,7,23000
37926,N201705106286,Mission St 5050,0,2019,3,61,61,2017,3,7,35000
68,N201006104250,5050 MISSION ST,1,2017,1,61,61,2016,1,3,25710000
37029,N201607192730,Market St 2100,0,2018,4,60,60,2016,4,7,17303000
33360,N201502128255,Stevenson St 527,0,2017,4,60,60,2015,1,10,1
30814,N201312244989,Indiana St 660,0,2016,4,60,60,2014,4,7,10000000
34638,N201507141485,Tennessee St 777,0,2019,2,59,59,2017,2,7,22800000
27843,N201207124723,Main St 318,0,2015,4,59,59,2013,2,9,20508500
36576,N201604134639,Sloat Blvd 2898,0,2018,3,56,56,2016,3,7,999999
20,N201402047761,2800 SLOAT BL,1,2016,4,56,56,2014,4,7,30000000
21,N201312244992,650 INDIANA ST,1,2016,4,55,55,2014,4,7,12000000
1251,N200309154738,Potrero Ave 480,0,2010,3,55,55,2004,3,23,8000000
26840,N201112221179,Middle Point Rd 52,0,2018,1,54,54,2012,1,23,80000
32064,N201406269542,Folsom St 1335,0,2018,1,53,53,2017,1,3,6000000
37780,N201702280294,Valencia St 1198,0,2018,1,52,52,2017,1,3,521607
69,N201507141495,1198 VALENCIA ST,1,2017,3,52,52,2016,2,4,14888000
32329,N201408063115,Indiana St 680,0,2017,4,51,51,2015,1,10,730000
38060,N9913300S,Fremont St 321,0,2011,4,51,51,2004,2,29,11000000
33978,N201504143537,Presidio Ave 800,0,2017,4,50,50,2015,4,7,692973
70,N200602023710,570 JESSIE ST,1,2017,4,47,47,2015,1,10,7000000
36040,N201602129567,La Salle Ave 899,0,2019,2,44,44,2017,2,7,16200000
34899,N201508265383,Folsom St 1178,0,2018,3,42,42,2016,3,7,8300000
744,N200305124383,Market St 1005,0,2011,4,42,42,2005,4,23,1
36732,N201605127335,18th Ave 369,0,2018,2,41,41,2016,2,7,20000
35503,N201511061998,Hayes St 450,0,2017,4,41,41,2015,4,7,6500
71,N200806275522,5400 GEARY BL,1,2017,2,41,41,2015,2,7,12200000
29092,N201303192552,Pacific Ave 1595,0,2016,1,41,41,2013,2,10,1
36642,N201604285990,Tennessee St 901,0,2019,3,40,40,2017,3,7,9187800
36142,N201602179815,La Salle Ave 889,0,2019,2,40,40,2017,2,7,11300000
36143,N201602179818,La Salle Ave 879,0,2019,2,40,40,2017,2,7,11300000
36144,N201602179819,La Salle Ave 869,0,2019,2,40,40,2017,2,7,11300000
72,N201406249298,119 07TH ST,1,2017,2,39,39,2015,2,7,17237620
34869,N201508204876,07th St 119,0,2017,1,39,39,2016,1,3,250000
31413,N201403271852,Mission St 1875,0,2016,3,39,39,2014,3,7,330000
37951,N201705187023,Sutter St 1238,0,2019,3,37,37,2017,3,7,467000
15356,N200608230323,Jones St 180,0,2017,3,37,37,2015,3,7,12038000
73,N201507161644,1238 SUTTER ST,1,2017,2,37,37,2016,2,3,11466000
29996,N201308275355,Dolores St 25,0,2016,3,37,37,2014,3,7,1
32979,N201412053181,Innes Ct 51,0,2017,2,36,36,2015,2,7,2000000
74,N201504093240,22 FRANKLIN ST,1,2017,4,35,35,2016,3,4,6000000
0,N200602215057,1860 VAN NESS AV,1,2014,4,35,35,2008,4,23,10000000
36398,N201603141960,Earl St 1,0,2019,3,34,34,2017,3,7,9900000
34823,N201508134190,Pacific Ave 240,0,2018,3,33,33,2016,3,7,21300000
1045,N200308051236,Market St 942,0,2013,2,33,33,2007,2,23,4000000
37208,N201608296272,Arelious Walker Dr 2800,0,2018,1,31,31,2017,1,3,14000000
33074,N201412194135,Innes Ct 10,0,2017,2,31,31,2015,2,7,2000000
36927,N201606281077,Arkansas St 75,0,2018,1,30,30,2017,1,3,13000000
76,N201312093685,580 HAYES ST,1,2017,4,29,29,2015,1,10,13000000
35804,N201512235830,Bay St 1598,0,2018,4,28,28,2016,4,7,10500000
37524,N201611223349,10th St 241,0,2018,4,28,28,2016,4,7,1
18608,N200705010141,Mississippi St 1000,0,2018,2,28,28,2016,2,7,11107000
77,N201506159021,241 10TH ST,1,2017,1,28,28,2016,1,3,5500000
30168,N201309277933,Innes Ct 52,0,2016,2,28,28,2014,2,7,9286739
32067,N201406269575,Van Ness Ave 2601,0,2018,2,27,27,2016,2,7,15000000
78,N201401136108,600 SOUTH VAN NESS AV,1,2017,4,27,27,2015,4,7,7200000
33057,N201412173954,Lombard St 2322,0,2017,2,60,24,2016,1,4,1950000
11378,N200510145593,Jessie St 410,0,2016,1,48,24,2007,1,35,1204000
79,N201306280738,1450 15TH ST,1,2017,2,23,23,2015,2,7,5750000
32267,N201407252240,Kennedy Pl 10,0,2017,4,21,21,2016,1,6,125000
31306,N201403100361,Larkin St 1335,0,2019,3,20,20,2017,3,7,10125604
37940,N201705176834,Mariposa St 595,0,2018,4,20,20,2017,3,4,40000
31449,N201404012202,Columbus Ave 1255,0,2017,3,20,20,2016,2,4,800000
37138,N201608155030,Geary Blvd 2750,0,2018,1,94,18,2017,1,3,1200000
22,N200908124639,1731 - 1741 POWELL ST,1,2016,4,19,18,2015,1,6,10559748
30195,N201310038419,Mission St 1801,0,2019,3,17,17,2017,3,7,5300000
34342,N201505297549,07th St 502,0,2018,4,16,16,2017,3,4,3654425
24,N201311041054,3420 18TH ST,1,2016,3,16,16,2015,2,4,3600000
31856,N201405307085,Howard St 1532,0,2018,4,15,15,2016,4,7,1645000
35559,N201511182971,Ocean Ave 1490,0,2017,3,15,15,2016,2,4,760000
25,N200810315636,1490 OCEAN AV,1,2016,4,15,15,2015,1,6,3000000
35457,N201511051836,Mason St 950,0,2019,1,676,14,2016,3,9,1475000
35779,N201512185553,Geary St 440,0,2018,3,130,14,2016,3,7,1200000
80,N201404223881,1463 LOMBARD ST,1,2017,4,14,14,2016,3,4,4000000
36035,N201602129550,Bay St 400,0,2018,4,13,13,2016,4,7,4154500
81,N200712140534,1 STANYAN ST,1,2017,2,13,13,2016,2,3,6000000
1007,N200307280541,Eddy St 1820,0,2014,1,12,12,2005,1,35,700000
21896,N200809252702,Natoma St 574,0,2017,2,11,11,2011,2,23,927656
32503,N201409106016,Brannan St 530,0,2018,4,42,10,2016,4,7,250000
32504,N201409106021,Brannan St 542,0,2018,4,45,9,2016,4,7,225000
83,N201306199977,131 MISSOURI ST,1,2017,4,9,9,2015,4,7,4033416
82,N200808058406,436 OFARRELL ST,1,2017,1,9,9,2016,1,3,150000
28578,N201212055476,24th St 3135,0,2015,4,9,9,2013,1,10,129014
32505,N201409106022,Brannan St 548,0,2018,4,42,8,2016,4,7,200000
33431,N201502269406,Grove St 311,0,2018,4,8,8,2016,4,7,3200000
28833,N201301319206,Otter Cove Ter 115,0,2016,1,8,8,2013,2,10,30000
2,N201210242702,1785 15TH ST,1,2015,4,8,8,2013,4,7,1800000
27721,N201206202986,05th St 55,0,2015,2,116,8,2012,4,9,2000000
36371,N201603081496,Post St 1625,0,2019,2,225,7,2016,4,9,2670000
30905,N201401065657,03rd St 2146,0,2018,4,7,7,2017,3,4,2670000
4208,N200405073324,Hayes St 1282,0,2017,3,7,7,2016,2,4,2625000
37399,N201610140331,Van Ness Ave 2975,0,2018,4,27,6,2017,3,4,440000
35159,N201510200295,Pacific Ave 1032,0,2018,3,6,6,2016,3,7,1800000
36282,N201602220182,Buchanan St 1805,0,2018,3,6,6,2016,3,7,2405000
36719,N201605117147,Central Ave 700,0,2018,2,24,6,2017,2,3,592875
32708,N201410179280,Geary Blvd 4334,0,2017,4,6,6,2016,1,6,3500000
85,N201410108646,949 NATOMA ST,1,2017,4,6,6,2016,3,4,1600000
31980,N201406178592,Beach St 250,0,2017,2,361,6,2014,4,9,900000
84,N200809262781,700 36TH AV,1,2017,2,6,6,2016,2,3,3455948
12489,N200601202704,Mission St 4801,0,2015,4,6,6,2013,4,7,2700000
27971,N201208076803,Buchanan St 127,0,2018,4,5,5,2016,4,7,1000000
31199,N201402219037,24th St 3822,0,2018,3,5,5,2016,3,7,2890000
36793,N201605238169,08th Ave 1391,0,2018,2,22,5,2017,2,3,200000
36149,N201602189860,Grove St 2190,0,2018,1,17,5,2017,1,3,150000
33032,N201412163783,North Point St 898,0,2017,4,5,5,2016,1,6,2500000
33139,N201501085203,Capp St 657,0,2017,4,9,5,2016,1,6,2500000
86,N201410169154,4171 24TH ST,1,2017,2,5,5,2016,2,3,1750000
32506,N201409106023,Pennsylvania Ave 208,0,2018,4,26,4,2016,4,7,100000
34501,N201506239703,14th St 750,0,2018,4,14,4,2016,4,7,650000
37102,N201608054349,Terra Vista Ave 80,0,2018,4,31,4,2017,3,4,150000
31184,N201402198846,19th St 3324,0,2018,3,8,4,2016,3,7,1102000
32261,N201407252206,Plymouth Ave 115,0,2018,3,4,4,2016,3,7,1518640
36417,N201603162239,Ellsworth St 989,0,2018,3,4,4,2016,3,7,1768000
33368,N201502138349,Capp St 854,0,2018,2,4,4,2017,2,3,1500000
34318,N201505277278,San Jose Ave 1794,0,2018,1,4,4,2017,1,3,1665000
29553,N201306038460,Wetmore St 135,0,2017,4,4,4,2015,4,7,2085383
33571,N201503130825,Tehama St 19,0,2017,1,4,4,2015,2,6,565000
3,N201209200274,685 FLORIDA ST,1,2015,4,4,4,2013,4,7,2196000
371,N200210280040,Alemany Blvd 326,0,2015,2,4,4,2006,2,35,1400000
7895,N200502014516,24th St 2917,0,2015,2,5,4,2006,2,35,815000
20422,N200712311569,Post St 875,0,2014,3,50,4,2012,3,7,350000
33011,N201412113579,South Van Ness Ave 831,0,2019,4,3,3,2017,4,7,1500000
36792,N201605238133,Jones St 1420,0,2019,4,15,3,2017,4,7,130000
37468,N201611041949,23rd St 3532,0,2019,4,4,3,2017,4,7,1607000
37904,N201704285242,Natoma St 646,0,2019,4,9,3,2017,4,7,444000
34333,N201505297474,Tehama St 763,0,2018,4,5,3,2016,4,7,500000
35660,N201512094574,Clement St 1547,0,2018,4,3,3,2017,3,4,900000
35687,N201512144945,Larkin St 1244,0,2018,4,3,3,2017,3,4,1681612
36366,N201603081451,Natoma St 630,0,2018,4,3,3,2016,4,7,1625000
36442,N201603182471,Guerrero St 668,0,2018,4,3,3,2017,3,4,1900000
37111,N201608094608,Waller St 855,0,2018,4,12,3,2017,3,4,180000
37264,N201609137558,Union St 1125,0,2018,4,9,3,2017,3,4,150000
37403,N201610140347,Hyde St 2125,0,2018,4,11,3,2017,3,4,152000
30652,N201312043354,Franklin St 885,0,2018,3,24,3,2016,3,7,280161
34309,N201505227051,Telegraph Hill Blvd 115,0,2018,3,3,3,2016,3,7,4750000
34344,N201505297566,24th St 3902,0,2018,3,3,3,2016,3,7,1600000
35157,N201510200259,Stanyan St 600,0,2018,3,33,3,2016,3,7,300000
29014,N201303051508,26th Ave 387,0,2018,2,3,3,2017,2,3,1127500
31921,N201406067695,Taraval St 701,0,2018,2,3,3,2017,2,3,1800000
32030,N201406249203,03rd St 6635,0,2018,2,3,3,2017,2,3,500000
32159,N201407090811,Polk St 2815,0,2018,2,3,3,2017,2,3,1500000
33569,N201503130811,Geneva Ave 974,0,2018,2,3,3,2017,2,3,1960300
35985,N201602038772,Mason St 1445,0,2018,2,15,3,2017,2,3,500000
36475,N201603242991,Van Ness Ave 2400,0,2018,2,31,3,2017,2,3,150000
8166,N200502185851,Balboa St 522,0,2018,1,3,3,2009,1,35,963000
29220,N201304053893,Clement St 1888,0,2018,1,3,3,2017,1,3,1020000
36480,N201603253159,Scott St 530,0,2018,1,15,3,2017,1,3,278586
36554,N201604074236,Dolores St 589,0,2018,1,9,3,2017,1,3,250000
37539,N201611303725,Taraval St 3536,0,2018,1,3,3,2017,1,3,100000
179,N201410108600,44 WOODWARD ST,1,2018,1,3,3,2016,4,4,1100000
180,N201504234455,2755 MCALLISTER ST,1,2018,1,3,3,2016,4,4,1374600
30417,N201310310847,Valencia St 767,0,2017,4,3,3,2015,4,7,500000
34815,N201508124040,Elgin Pk 25,0,2017,4,12,3,2016,1,6,438800
30461,N201311061273,Capp St 580,0,2017,3,135,3,2015,3,7,9000000
87,N200712120290,3534 TARAVAL ST,1,2017,2,3,3,2016,2,3,687000
89,N201409055492,6044 GEARY BL,1,2017,1,3,3,2016,1,3,1150000
29640,N201306210141,21st Ave 363,0,2016,4,3,3,2015,1,6,1200000
145,N200201086443,California St 1915,0,2014,1,21,3,2005,1,35,55000
3867,N200404191654,Dolores St 261,0,2013,4,3,3,2007,4,23,913820
212,N200807176988,165 - 167 BRUSSELS ST,1,2020,1,2,2,2011,1,35,796000
36817,N201605268499,Corbett Ave 775,0,2019,4,8,2,2017,4,7,102000
36830,N201606018897,Balboa St 4740,0,2019,4,35,2,2017,4,7,175000
37326,N201609278929,Sycamore St 60,0,2019,4,8,2,2017,4,7,150000
31123,N201402078043,19th Ave 1236,0,2018,4,3,2,2016,4,7,725000
31229,N201402269328,De Haro St 596,0,2018,4,2,2,2016,4,7,724700
33067,N201412184051,31st Ave 458,0,2018,4,2,2,2016,4,7,1418000
33378,N201502188607,Capitol Ave 286,0,2018,4,4,2,2017,3,4,350000
33381,N201502188620,17th St 3312,0,2018,4,8,2,2016,4,7,825000
33581,N201503160999,Geary Blvd 4221,0,2018,4,3,2,2016,4,7,876200
34183,N201505015120,Summit Way 319,0,2018,4,2,2,2016,4,7,35171
34185,N201505015125,Summit Way 2,0,2018,4,2,2,2016,4,7,54309
34613,N201507080931,Pine St 969,0,2018,4,13,2,2017,3,4,400000
34883,N201508245076,Golden Gate Ave 1750,0,2018,4,14,2,2016,4,7,200000
35140,N201510169925,Haight St 172,0,2018,4,10,2,2016,4,7,179550
35175,N201510230679,Baker St 930,0,2018,4,4,2,2017,3,4,1406444
35501,N201511061992,Laguna St 3250,0,2018,4,31,2,2016,4,7,40000
35652,N201512074335,25th Ave 267,0,2018,4,8,2,2016,4,7,750000
35780,N201512185561,Turk Blvd 3053,0,2018,4,9,2,2016,4,7,100000
35790,N201512215657,Cesar Chavez St 4043,0,2018,4,2,2,2017,3,4,650000
36304,N201602250572,02nd Ave 515,0,2018,4,4,2,2017,3,4,129380
36455,N201603212637,Anza St 2818,0,2018,4,7,2,2016,4,7,204000
36577,N201604134664,Guy Pl 15,0,2018,4,2,2,2016,4,7,2000000
36821,N201605278673,22nd Ave 462,0,2018,4,8,2,2017,3,4,250000
36976,N201607081921,17th St 3574,0,2018,4,8,2,2017,3,4,225000
37022,N201607182596,Coso Ave 2,0,2018,4,8,2,2017,3,4,284000
37050,N201607273501,Cesar Chavez St 4041,0,2018,4,2,2,2017,3,4,797100
37225,N201609016561,Page St 911,0,2018,4,19,2,2017,3,4,150000
37310,N201609238681,Summit Way 15,0,2018,4,2,2,2016,4,7,24500
37411,N201610180594,Union St 1048,0,2018,4,22,2,2017,3,4,159000
181,N200912304034,447 - 453 LINDEN ST,1,2018,4,2,2,2012,4,23,400000
32141,N201407030471,Rosemont Pl 21,0,2018,3,3,2,2016,3,7,750000
32530,N201409156303,Webster St 2018,0,2018,3,2,2,2016,3,7,1568500
35013,N201509217541,Fell St 1852,0,2018,3,9,2,2016,3,7,200000
35224,N201510301346,Fell St 949,0,2018,3,14,2,2016,3,7,250000
35632,N201512013897,Clay St 1670,0,2018,3,14,2,2016,3,7,90000
35807,N201512235842,Laguna St 126,0,2018,3,7,2,2016,3,7,680000
36395,N201603141927,Golden Gate Ave 1880,0,2018,3,3,2,2016,3,7,85000
37110,N201608094585,Utah St 1214,0,2018,3,5,2,2016,3,7,113000
31226,N201402269324,De Haro St 586,0,2018,2,2,2,2017,2,3,762000
31231,N201402269329,De Haro St 566,0,2018,2,2,2,2017,2,3,775000
31234,N201402269331,De Haro St 562,0,2018,2,2,2,2017,2,3,1030000
31524,N201404173443,Harrison St 2621,0,2018,2,3,2,2017,2,3,1100000
35547,N201511162762,Chestnut St 2341,0,2018,2,23,2,2017,2,3,220000
36045,N201602169672,Grattan St 275,0,2018,2,11,2,2017,2,3,301500
36492,N201603303454,Stanyan St 1135,0,2018,2,12,2,2017,2,3,120000
36745,N201605137452,Belvedere St 38,0,2018,2,8,2,2017,2,3,350000
37117,N201608114784,Russ St 146,0,2018,2,8,2,2017,2,3,220000
37568,N201612134768,Dolores St 255,0,2018,2,14,2,2017,2,3,111820
37867,N201704113742,States St 53,0,2018,2,2,2,2017,2,3,100000
183,N201108263406,560 ROOSEVELT WY,1,2018,2,2,2,2013,1,20,800000
26909,N201112301504,Texas St 534,0,2018,1,2,2,2017,1,3,850000
31751,N201405155866,24th Ave 423,0,2018,1,3,2,2016,2,6,855000
32360,N201408133730,Bernard St 160,0,2018,1,2,2,2017,1,3,1105350
33018,N201412123652,Blake St 37,0,2018,1,2,2,2016,2,6,1674408
33415,N201502249220,Potrero Ave 1152,0,2018,1,3,2,2017,1,3,950000
33486,N201503049884,Wood St 19,0,2018,1,2,2,2016,2,6,1050000
33622,N201503201461,Franklin St 2920,0,2018,1,2,2,2017,1,3,1000000
36134,N201602179791,19th Ave 2342,0,2018,1,2,2,2017,1,3,60000
36136,N201602179792,19th Ave 2348,0,2018,1,2,2,2017,1,3,60000
36138,N201602179793,19th Ave 2352,0,2018,1,2,2,2017,1,3,60000
36140,N201602179794,19th Ave 2356,0,2018,1,2,2,2017,1,3,60000
36797,N201605258283,07th Ave 80,0,2018,1,14,2,2017,1,3,141189
30260,N201310169408,19th Ave 1273,0,2017,4,2,2,2016,1,6,805300
32068,N201406269581,Sproule Ln 166,0,2017,4,2,2,2015,4,7,1450000
32237,N201407221872,Market St 3198,0,2017,4,2,2,2016,1,6,472000
32295,N201407302522,Folsom St 3123,0,2017,4,2,2,2015,4,7,600000
97,N201306149612,80 BLAKE ST,1,2017,4,2,2,2015,4,7,1110000
99,N201402269332,580 DE HARO ST,1,2017,4,2,2,2016,3,4,707000
102,N201405206229,4024 24TH ST,1,2017,4,4,2,2015,4,7,800000
106,N201411262632,151 BERNARD ST,1,2017,4,3,2,2015,4,7,270000
28885,N201302119939,20th St 1914,0,2017,3,2,2,2015,3,7,1570000
33953,N201504093208,Summit Way 187,0,2017,3,2,2,2015,3,7,800320
34445,N201506128826,Linden St 441,0,2017,3,2,2,2015,3,7,36000
98,N201307151829,579 39TH AV,1,2017,3,2,2,2015,3,7,1000000
101,N201405125450,1947 OAKDALE AV,1,2017,3,2,2,2015,3,7,780000
94,N201203146037,906 CORTLAND AV,1,2017,2,2,2,2016,2,3,510000
105,N201405236581,1236 ARGUELLO BL,1,2017,2,3,2,2016,2,3,650000
107,N201504103363,2944 21ST ST,1,2017,2,3,2,2016,2,3,506000
12889,N200602245389,Wilmot St 19,0,2017,1,2,2,2008,1,35,610000
29726,N201307051236,Geary Blvd 2886,0,2017,1,7,2,2014,2,10,66000
31078,N201401317498,Brotherhood Way 700,0,2017,1,2,2,2014,2,10,1
31196,N201402219025,Andover St 790,0,2017,1,2,2,2015,2,6,1
31197,N201402219026,Andover St 794,0,2017,1,2,2,2015,2,6,1
93,N200804038738,1321 DE HARO ST,1,2017,1,3,2,2016,1,3,900000
95,N201204249018,896 DE HARO ST,1,2017,1,2,2,2015,2,6,889690
96,N201306129341,333 PENNSYLVANIA AV,1,2017,1,2,2,2015,2,6,1620000
109,N201505287452,811 TREAT AV,1,2017,1,7,2,2016,1,3,600000
21310,N200806043667,Crescent Ave 347,0,2016,4,2,2,2015,1,6,600000
31736,N201405155814,Summit Way 109,0,2016,4,2,2,2015,1,6,800320
32273,N201407282307,Ringold St 56,0,2016,4,3,2,2014,4,7,43083
33223,N201501216261,Summit Way 52,0,2016,4,2,2,2015,1,6,1
33225,N201501216263,Summit Way 67,0,2016,4,2,2,2015,1,6,1
32,N201210041365,1880 GOLDEN GATE AV,1,2016,4,3,2,2014,4,7,720000
33,N201304164662,272 CLARA ST,1,2016,4,3,2,2015,1,6,547311
34,N201403271860,3527 18TH ST,1,2016,4,10,2,2015,1,6,110000
19385,N200708079019,19th Ave 2346,0,2016,3,2,2,2014,3,7,796000
19389,N200708079022,19th Ave 2350,0,2016,3,2,2,2014,3,7,565000
19391,N200708079023,19th Ave 2338,0,2016,3,2,2,2014,3,7,565000
19393,N200708079025,19th Ave 2344,0,2016,3,2,2,2014,3,7,565000
31303,N201403100322,Summit Way 73,0,2016,3,2,2,2014,3,7,3000
28,N200910209343,202 BROAD ST,1,2016,3,2,2,2014,3,7,700000
29,N200910209344,200 BROAD ST,1,2016,3,2,2,2014,3,7,750000
22631,N200903113921,Tehama St 449,0,2016,2,11,2,2010,2,23,250000
529,N200302147582,Vermont St 700,0,2016,1,3,2,2007,1,35,150000
26,N200605111391,1208 15TH AV,1,2016,1,2,2,2008,3,29,500000
28036,N201208207754,Russ St 164,0,2015,4,2,2,2014,1,6,853131
20862,N200803288288,Stanyan St 1171,0,2015,3,2,2,2013,3,7,944647
4,N200706265226,104 BACHE ST,1,2015,3,2,2,2009,3,23,507854
157,N200201177252,Moraga St 729,0,2015,2,2,2,2006,2,35,680000
1118,N200308182331,37th Ave 522,0,2015,2,2,2,2006,2,35,540000
27086,N201202174401,Larkin St 2626,0,2015,1,2,2,2012,2,10,10000
27512,N201205079931,Diamond Cove Ter 213,0,2015,1,2,2,2012,2,10,24566
17062,N200701051057,Granada Ave 244,0,2014,4,2,2,2008,4,23,437169
21040,N200804240540,Geneva Ave 2145,0,2014,4,2,2,2008,4,23,50000
21841,N200809161774,25th Ave 349,0,2014,4,3,2,2008,4,23,26000
24718,N201007146550,Taraval St 2117,0,2014,4,2,2,2012,4,7,780000
2219,N200312313239,Capp St 958,0,2014,1,2,2,2005,1,35,350000
10352,N200507218277,06th Ave 274,0,2013,4,3,2,2007,4,23,800000
12224,N200512281113,16th Ave 227,0,2013,4,2,2,2007,4,23,839040
18900,N200705252312,Yukon St 180,0,2013,4,2,2,2007,4,23,800000
6945,N200411139072,Mary Teresa St 140,0,2013,2,2,2,2007,2,23,426210
10164,N200507066945,03rd St 6534,0,2013,2,2,2,2007,2,23,550000
414,N200212062942,24th St 2130,0,2013,1,2,2,2004,1,35,350000
7269,N200412080961,Wisconsin St 1028,0,2012,4,2,2,2006,4,23,580000
11945,N200512029419,Kirkham St 4329,0,2012,4,2,2,2006,4,23,520000
10884,N200509022013,Divisadero St 914,0,2011,4,2,2,2005,4,23,195000
7535,N200412292309,Haight St 1056,0,2011,3,2,2,2005,3,23,689990
1103,N200308142054,19th St 1637,0,2010,3,2,2,2004,3,23,600000
213,N201002035833,990 GUERRERO ST,1,2020,1,3,1,2011,1,35,382120
27974,N201208086815,Revere Ave 2120,0,2019,4,1,1,2017,4,7,500000
36537,N201604064070,Leland Ave 534,0,2019,4,1,1,2017,4,7,680000
36545,N201604064141,Clay St 3110,0,2019,4,8,1,2017,4,7,100000
36990,N201607122077,22nd St 2867,0,2019,4,2,1,2017,4,7,165000
37053,N201607273504,14th Ave 1315,0,2019,4,2,1,2017,4,7,283000
37132,N201608154972,Leese St 106,0,2019,4,3,1,2017,4,7,180000
37194,N201608266145,Scott St 3318,0,2019,4,3,1,2017,4,7,200000
37383,N201610130163,Penny Ln 15,0,2019,4,1,1,2017,4,7,80000
37494,N201611152753,Franconia St 299,0,2019,4,1,1,2017,4,7,850000
37505,N201611172995,Page St 1320,0,2019,4,8,1,2017,4,7,150000
37529,N201611223380,Capp St 326,0,2019,4,2,1,2017,4,7,430000
37582,N201612144941,29th St 626,0,2019,4,2,1,2017,4,7,92800
37734,N201702078811,Innes Ave 1063,0,2019,4,1,1,2017,4,7,800000
37735,N201702078813,Innes Ave 1065,0,2019,4,1,1,2017,4,7,800000
37736,N201702078814,Innes Ave 1067,0,2019,4,1,1,2017,4,7,800000
38039,N201708316569,Hayes St 929,0,2019,4,3,1,2017,4,7,100000
35199,N201510270960,South Van Ness Ave 140,0,2019,2,213,1,2017,2,7,248500
210,N201009171084,21 MOUNTAIN SPRING AV,1,2019,2,1,1,2013,2,23,1061936
211,N201106279018,609 26TH AV,1,2019,2,2,1,2013,2,23,1
31535,N201404183603,Green St 852,0,2018,4,2,1,2016,4,7,645782
31620,N201404304602,California St 6423,0,2018,4,2,1,2016,4,7,250000
31930,N201406107968,33rd Ave 423,0,2018,4,3,1,2016,4,7,20000
31978,N201406178580,Rhode Island St 917,0,2018,4,1,1,2017,3,4,300200
32114,N201406300106,Beaumont Ave 30,0,2018,4,2,1,2016,4,7,300000
32356,N201408123674,Pacific Ave 1364,0,2018,4,1,1,2016,4,7,953600
32357,N201408123679,Pacific Ave 1370,0,2018,4,1,1,2016,4,7,851200
32690,N201410169094,29th St 628,0,2018,4,1,1,2016,4,7,172850
32752,N201410280037,Grand View Ave 268,0,2018,4,1,1,2016,4,7,750000
33001,N201412103468,Holloway Ave 845,0,2018,4,4,1,2016,4,7,170000
33014,N201412113580,Kirkwood Ave 77,0,2018,4,1,1,2016,4,7,498485
33015,N201412113582,Kirkwood Ave 53,0,2018,4,1,1,2016,4,7,498485
33024,N201412123685,University St 163,0,2018,4,2,1,2017,3,4,30000
33171,N201501145720,Kirkwood Ave 29,0,2018,4,1,1,2016,4,7,498485
33172,N201501145722,Kirkwood Ave 3,0,2018,4,1,1,2016,4,7,498485
33173,N201501145723,Hudson Ave 580,0,2018,4,1,1,2016,4,7,498485
33174,N201501145724,Hudson Ave 540,0,2018,4,1,1,2016,4,7,498485
33175,N201501145725,Hudson Ave 500,0,2018,4,1,1,2016,4,7,498485
33193,N201501165971,34th Ave 609,0,2018,4,2,1,2017,3,4,15000
33392,N201502198744,Shrader St 1241,0,2018,4,1,1,2016,4,7,963000
34248,N201505136197,31st Ave 2340,0,2018,4,2,1,2017,3,4,20000
34250,N201505136221,29th Ave 1403,0,2018,4,3,1,2016,4,7,60000
34491,N201506229587,Moore Pl 22,0,2018,4,1,1,2016,4,7,850000
34507,N201506249730,Aztec St 44,0,2018,4,1,1,2017,3,4,520000
34526,N201506259933,Pierce St 3551,0,2018,4,3,1,2016,4,7,244887
34597,N201507060723,California St 3011,0,2018,4,2,1,2017,3,4,500000
34734,N201507313053,21st Ave 1230,0,2018,4,2,1,2016,4,7,600000
34814,N201508124039,Brighton Ave 245,0,2018,4,1,1,2016,4,7,90000
34832,N201508144364,Alpine Ter 100,0,2018,4,1,1,2017,3,4,887000
34846,N201508184575,Belgrave Ave 77,0,2018,4,1,1,2016,4,7,2500000
35021,N201509237776,Gough St 2941,0,2018,4,9,1,2016,4,7,86000
35118,N201510149629,Tingley St 36,0,2018,4,2,1,2016,4,7,73519
35171,N201510220538,26th Ave 323,0,2018,4,4,1,2017,3,4,15000
35178,N201510230698,Castro St 2306,0,2018,4,1,1,2016,4,7,425000
35187,N201510270841,Silver Ave 274,0,2018,4,2,1,2016,4,7,12000
35258,N201511031542,Folsom St 2855,0,2018,4,3,1,2016,4,7,756000
35648,N201512044204,Oak St 744,0,2018,4,10,1,2016,4,7,100000
35685,N201512144931,Kirkwood Ave 5,0,2018,4,1,1,2016,4,7,498485
35688,N201512144956,Kirkwood Ave 7,0,2018,4,1,1,2016,4,7,498485
35689,N201512144957,Kirkwood Ave 31,0,2018,4,1,1,2016,4,7,498485
35690,N201512144958,Kirkwood Ave 33,0,2018,4,1,1,2016,4,7,498485
35691,N201512144959,Kirkwood Ave 35,0,2018,4,1,1,2016,4,7,498485
35692,N201512144960,Kirkwood Ave 55,0,2018,4,1,1,2016,4,7,498485
35693,N201512144961,Kirkwood Ave 57,0,2018,4,1,1,2016,4,7,498485
35694,N201512144962,Kirkwood Ave 59,0,2018,4,1,1,2016,4,7,498485
35695,N201512144963,Kirkwood Ave 61,0,2018,4,1,1,2016,4,7,498485
35696,N201512144964,Kirkwood Ave 63,0,2018,4,1,1,2016,4,7,498485
35697,N201512144965,Kirkwood Ave 65,0,2018,4,1,1,2016,4,7,498485
35698,N201512144988,Kirkwood Ave 67,0,2018,4,1,1,2016,4,7,498485
35699,N201512144989,Kirkwood Ave 69,0,2018,4,1,1,2016,4,7,498485
35700,N201512144990,Kirkwood Ave 71,0,2018,4,1,1,2016,4,7,498485
35701,N201512144991,Kirkwood Ave 79,0,2018,4,1,1,2016,4,7,498485
35702,N201512144992,Kirkwood Ave 81,0,2018,4,1,1,2016,4,7,498485
35703,N201512144993,Kirkwood Ave 83,0,2018,4,1,1,2016,4,7,498485
35704,N201512144994,Kirkwood Ave 85,0,2018,4,1,1,2016,4,7,498485
35705,N201512144995,Kirkwood Ave 87,0,2018,4,1,1,2016,4,7,498485
35706,N201512144996,Hudson Ave 504,0,2018,4,1,1,2016,4,7,498485
35707,N201512144997,Hudson Ave 508,0,2018,4,1,1,2016,4,7,498485
35708,N201512144998,Hudson Ave 512,0,2018,4,1,1,2016,4,7,498485
35709,N201512144999,Hudson Ave 516,0,2018,4,1,1,2016,4,7,498485
35710,N201512145000,Hudson Ave 520,0,2018,4,1,1,2016,4,7,498485
35711,N201512145001,Hudson Ave 524,0,2018,4,1,1,2016,4,7,498485
35712,N201512145002,Hudson Ave 528,0,2018,4,1,1,2016,4,7,498485
35713,N201512145003,Hudson Ave 532,0,2018,4,1,1,2016,4,7,498485
35714,N201512145004,Hudson Ave 544,0,2018,4,1,1,2016,4,7,498485
35715,N201512145007,Hudson Ave 548,0,2018,4,1,1,2016,4,7,498485
35716,N201512145008,Hudson Ave 550,0,2018,4,1,1,2016,4,7,498485
35717,N201512145009,Hudson Ave 552,0,2018,4,1,1,2016,4,7,498485
35718,N201512145010,Hudson Ave 556,0,2018,4,1,1,2016,4,7,498485
35719,N201512145011,Hudson Ave 560,0,2018,4,1,1,2016,4,7,498485
35720,N201512145012,Hudson Ave 564,0,2018,4,1,1,2016,4,7,498485
35721,N201512145013,Hudson Ave 568,0,2018,4,1,1,2016,4,7,498485
35722,N201512145014,Hudson Ave 572,0,2018,4,1,1,2016,4,7,498485
35723,N201512145015,Hudson Ave 584,0,2018,4,1,1,2016,4,7,498485
35724,N201512145016,Hudson Ave 588,0,2018,4,1,1,2016,4,7,498485
35725,N201512145017,Hudson Ave 592,0,2018,4,1,1,2016,4,7,498485
35726,N201512145018,Hudson Ave 594,0,2018,4,1,1,2016,4,7,498485
35727,N201512145019,Hudson Ave 536,0,2018,4,1,1,2016,4,7,498485
35728,N201512145020,Kirkwood Ave 25,0,2018,4,1,1,2016,4,7,498485
35729,N201512145021,Kirkwood Ave 73,0,2018,4,1,1,2016,4,7,498485
35730,N201512145022,Kirkwood Ave 89,0,2018,4,1,1,2016,4,7,498485
35731,N201512145023,Hudson Ave 576,0,2018,4,1,1,2016,4,7,498485
35732,N201512145024,Hudson Ave 598,0,2018,4,1,1,2016,4,7,498485
35733,N201512145025,Kirkwood Ave 37,0,2018,4,1,1,2016,4,7,498485
35734,N201512145026,Kirkwood Ave 39,0,2018,4,1,1,2016,4,7,498485
35735,N201512145027,Kirkwood Ave 41,0,2018,4,1,1,2016,4,7,498458
35736,N201512145028,Kirkwood Ave 43,0,2018,4,1,1,2016,4,7,498485
35737,N201512145029,Kirkwood Ave 45,0,2018,4,1,1,2016,4,7,498485
35738,N201512145030,Kirkwood Ave 47,0,2018,4,1,1,2016,4,7,498485
35739,N201512145031,Kirkwood Ave 9,0,2018,4,1,1,2016,4,7,498485
35740,N201512145032,Kirkwood Ave 11,0,2018,4,1,1,2016,4,7,498485
35741,N201512145033,Kirkwood Ave 15,0,2018,4,1,1,2016,4,7,498485
35742,N201512145035,Kirkwood Ave 17,0,2018,4,1,1,2016,4,7,498485
35743,N201512145036,Kirkwood Ave 19,0,2018,4,1,1,2016,4,7,498485
35744,N201512145037,Kirkwood Ave 21,0,2018,4,1,1,2016,4,7,498485
35745,N201512145038,Kirkwood Ave 23,0,2018,4,1,1,2016,4,7,498485
35773,N201512185487,Hiliritas Ave 15,0,2018,4,1,1,2016,4,7,768870
35792,N201512215664,Page St 1462,0,2018,4,3,1,2016,4,7,683000
35812,N201512235882,23rd Ave 2433,0,2018,4,2,1,2017,3,4,13100
35858,N201601086638,Harriet St 84,0,2018,4,7,1,2016,4,7,99600
35865,N201601086723,San Jose Ave 206,0,2018,4,3,1,2016,4,7,167384
35872,N201601116825,Franklin St 1549,0,2018,4,5,1,2017,3,4,100000
35909,N201601197398,Crestline Dr 80,0,2018,4,15,1,2016,4,7,87000
35949,N201601288264,11th Ave 1332,0,2018,4,3,1,2017,3,4,556744
35968,N201602018544,32nd Ave 721,0,2018,4,3,1,2017,3,4,15000
36041,N201602129574,Sacramento St 2730,0,2018,4,13,1,2016,4,7,137000
36357,N201603071309,Irving St 1126,0,2018,4,3,1,2017,3,4,970760
36400,N201603141992,23rd Ave 453,0,2018,4,2,1,2017,3,4,25000
36410,N201603162175,Dolores St 987,0,2018,4,7,1,2016,4,7,87800
36472,N201603232865,Haight St 1236,0,2018,4,7,1,2017,3,4,100000
36520,N201604053922,Naples St 582,0,2018,4,2,1,2017,3,4,66000
36539,N201604064083,Belgrave Ave 89,0,2018,4,1,1,2016,4,7,29956
36552,N201604074232,Filbert St 562,0,2018,4,7,1,2017,3,4,100000
36557,N201604084287,Grafton Ave 729,0,2018,4,2,1,2016,4,7,18000
36563,N201604114413,Quesada Ave 1952,0,2018,4,1,1,2017,3,4,689800
36564,N201604114417,Quesada Ave 1948,0,2018,4,1,1,2017,3,4,660100
36569,N201604124545,23rd St 1903,0,2018,4,4,1,2016,4,7,18000
36570,N201604124546,Noe St 478,0,2018,4,2,1,2017,3,4,500000
36661,N201605036381,Clinton Pk 235,0,2018,4,3,1,2017,3,4,40000
36697,N201605056664,28th Ave 478,0,2018,4,2,1,2017,3,4,149350
36750,N201605167544,California St 1966,0,2018,4,13,1,2016,4,7,100000
36754,N201605177637,Valley St 26,0,2018,4,2,1,2017,3,4,857300
36893,N201606170322,Sadowa St 236,0,2018,4,2,1,2016,4,7,56000
36973,N201607071817,Webster St 2411,0,2018,4,13,1,2017,3,4,75000
36982,N201607111977,Fulton St 4334,0,2018,4,6,1,2017,3,4,68000
37103,N201608054354,Lake St 1731,0,2018,4,6,1,2017,3,4,40000
37156,N201608195497,Bowdoin St 552,0,2018,4,2,1,2016,4,7,35000
37224,N201609016554,06th Ave 1531,0,2018,4,2,1,2017,3,4,36000
37232,N201609016639,Lee Ave 78,0,2018,4,2,1,2016,4,7,30000
37256,N201609127387,Baker St 2651,0,2018,4,2,1,2016,4,7,478000
37322,N201609268810,Mangels Ave 351,0,2018,4,2,1,2017,3,4,54000
37353,N201610039432,Cayuga Ave 121,0,2018,4,2,1,2017,3,4,178160
37385,N201610130185,10th Ave 1273,0,2018,4,3,1,2017,3,4,150000
37438,N201610261176,21st St 3256,0,2018,4,17,1,2017,3,4,126000
37454,N201610311558,California St 2135,0,2018,4,13,1,2017,3,4,368712
37477,N201611082228,34th Ave 2727,0,2018,4,2,1,2017,3,4,120000
37564,N201612094556,29th St 29,0,2018,4,2,1,2017,3,4,250000
37579,N201612144936,21st St 3444,0,2018,4,3,1,2017,3,4,850000
37617,N201612215531,Geary St 1029,0,2018,4,56,1,2017,3,4,85500
37634,N201612275907,Presidio Ave 900,0,2018,4,10,1,2017,3,4,5000
37651,N201612306302,Brazil Ave 929,0,2018,4,2,1,2017,3,4,40000
37654,N201612306332,14th Ave 2518,0,2018,4,2,1,2017,3,4,118500
37662,N201701056576,Plymouth Ave 1020,0,2018,4,2,1,2017,3,4,130000
37705,N201701247772,Post St 2581,0,2018,4,5,1,2017,3,4,87132
37712,N201701267990,Colon Ave 471,0,2018,4,2,1,2017,3,4,90000
37803,N201703070870,Quintara St 372,0,2018,4,2,1,2017,3,4,47320
37831,N201703171793,14th St 460,0,2018,4,10,1,2017,3,4,45000
37847,N201703302804,19th Ave 2237,0,2018,4,2,1,2017,3,4,77000
37893,N201704264920,Flood Ave 208,0,2018,4,2,1,2017,3,4,21000
37902,N201704285232,Alvarado St 23,0,2018,4,1,1,2017,3,4,30000
37921,N201705085945,Tingley St 70,0,2018,4,2,1,2017,3,4,34000
38038,N201708306488,Utah St 526,0,2018,4,2,1,2017,3,4,1000
25320,N201012076279,Williams Ave 218,0,2018,3,1,1,2016,3,7,700000
30049,N201309066225,Chestnut St 2429,0,2018,3,3,1,2016,3,7,99000
31045,N201401277177,Ralston St 454,0,2018,3,1,1,2016,3,7,795000
31218,N201402259238,Roosevelt Way 259,0,2018,3,1,1,2016,3,7,807600
31228,N201402269327,18th St 1928,0,2018,3,1,1,2016,3,7,765000
31233,N201402269330,18th St 1938,0,2018,3,1,1,2016,3,7,703900
31922,N201406067701,Rhode Island St 1170,0,2018,3,2,1,2016,3,7,195000
32740,N201410239774,Lexington St 144,0,2018,3,3,1,2016,3,7,300000
33017,N201412123641,Rhode Island St 1076,0,2018,3,2,1,2016,3,7,615000
33285,N201502027279,Ellington Ave 398,0,2018,3,2,1,2016,3,7,220000
33894,N201504062845,17th St 3938,0,2018,3,2,1,2016,3,7,137016
34568,N201506300363,Arguello Blvd 200,0,2018,3,14,1,2016,3,7,75000
35062,N201510018577,Alpine Ter 35,0,2018,3,6,1,2016,3,7,75000
35108,N201510099393,24th Ave 1271,0,2018,3,3,1,2016,3,7,65000
35191,N201510270858,Webster St 2828,0,2018,3,15,1,2016,3,7,72000
35802,N201512235806,Revere Ave 1386,0,2018,3,2,1,2016,3,7,200000
35892,N201601147151,12th Ave 460,0,2018,3,3,1,2016,3,7,81752
35919,N201601227793,Naples St 1192,0,2018,3,2,1,2016,3,7,14280
35920,N201601227796,Duncan St 136,0,2018,3,3,1,2016,3,7,60915
36297,N201602240424,16th Ave 2528,0,2018,3,2,1,2016,3,7,67850
36355,N201603041266,Farragut Ave 42,0,2018,3,2,1,2016,3,7,67092
36423,N201603162267,Valley St 184,0,2018,3,7,1,2016,3,7,65000
36676,N201605046477,Summit Way 12,0,2018,3,1,1,2016,3,7,437900
36677,N201605046478,Summit Way 16,0,2018,3,1,1,2016,3,7,437900
36728,N201605127294,Grove St 1231,0,2018,3,15,1,2016,3,7,90000
36974,N201607081832,Natoma St 1367,0,2018,3,4,1,2016,3,7,65000
5176,N200407027962,Ingerson Ave 870,0,2018,2,1,1,2017,2,3,860900
25379,N201012217130,Franklin St 2007,0,2018,2,2,1,2017,2,3,102000
32089,N201406279813,Cumberland St 313,0,2018,2,1,1,2017,2,3,1473360
32291,N201407302503,University St 300,0,2018,2,1,1,2017,2,3,650000
32292,N201407302510,University St 302,0,2018,2,1,1,2017,2,3,650000
32293,N201407302511,University St 306,0,2018,2,1,1,2017,2,3,650000
32294,N201407302512,University St 308,0,2018,2,1,1,2017,2,3,650000
32304,N201407312605,Hampshire St 1318,0,2018,2,2,1,2017,2,3,269760
32331,N201408063132,Capistrano Ave 331,0,2018,2,2,1,2017,2,3,17160
32787,N201411040618,17th Ave 718,0,2018,2,2,1,2017,2,3,60000
33361,N201502128257,Athens St 575,0,2018,2,2,1,2017,2,3,15550
33518,N201503060214,39th Ave 611,0,2018,2,2,1,2017,2,3,200000
33802,N201503312342,30th Ave 1855,0,2018,2,2,1,2017,2,3,42500
33891,N201504032832,Larkin St 1516,0,2018,2,13,1,2017,2,3,80000
34253,N201505146298,Divisadero St 3810,0,2018,2,6,1,2017,2,3,65000
34377,N201506027757,32nd Ave 463,0,2018,2,2,1,2017,2,3,600000
34573,N201507010431,Clement St 2500,0,2018,2,3,1,2017,2,3,1134000
34594,N201507060676,Tehama St 769,0,2018,2,5,1,2017,2,3,550000
34696,N201507232246,Kansas St 714,0,2018,2,1,1,2017,2,3,1200000
34906,N201508275422,Palo Alto Ave 166,0,2018,2,2,1,2017,2,3,50000
34955,N201509086386,Roosevelt Way 203,0,2018,2,1,1,2017,2,3,187046
35576,N201511203195,Innes Ave 947,0,2018,2,2,1,2017,2,3,25120
35683,N201512114902,Revere Ave 1465,0,2018,2,2,1,2017,2,3,101700
35855,N201601076586,Innes Ave 1500,0,2018,2,3,1,2017,2,3,491154
35947,N201601288224,Garfield St 926,0,2018,2,2,1,2017,2,3,119745
35948,N201601288233,Sutter St 930,0,2018,2,48,1,2017,2,3,47000
35959,N201602018478,Bay St 1355,0,2018,2,13,1,2017,2,3,80000
36007,N201602099105,Grove St 1706,0,2018,2,7,1,2017,2,3,80000
36038,N201602129564,Kearny St 1154,0,2018,2,12,1,2017,2,3,175537
36307,N201602260604,Folsom St 2886,0,2018,2,7,1,2017,2,3,80000
36365,N201603081424,18th Ave 1566,0,2018,2,2,1,2017,2,3,10000
36481,N201603283243,Church St 505,0,2018,2,11,1,2017,2,3,200000
36590,N201604154845,Mississippi St 538,0,2018,2,2,1,2017,2,3,320000
36595,N201604154912,16th St 3646,0,2018,2,3,1,2017,2,3,72000
36625,N201604205295,Pine St 2516,0,2018,2,4,1,2017,2,3,180000
36665,N201605036406,Church St 985,0,2018,2,7,1,2017,2,3,92000
36726,N201605127269,29th St 406,0,2018,2,3,1,2017,2,3,29500
36796,N201605258278,Clay St 1385,0,2018,2,25,1,2017,2,3,131310
36805,N201605258334,29th St 408,0,2018,2,3,1,2017,2,3,1000
36845,N201606069165,30th Ave 2588,0,2018,2,2,1,2017,2,3,25000
36878,N201606150021,Seneca Ave 235,0,2018,2,2,1,2017,2,3,211000
36898,N201606200415,Hampshire St 624,0,2018,2,2,1,2017,2,3,400000
36918,N201606270934,North Point St 2349,0,2018,2,3,1,2017,2,3,95000
36951,N201607051512,11th Ave 280,0,2018,2,3,1,2017,2,3,220000
36960,N201607061649,Castro St 21,0,2018,2,3,1,2017,2,3,95000
37002,N201607142358,46th Ave 1272,0,2018,2,3,1,2017,2,3,70000
37027,N201607182650,Hartford St 225,0,2018,2,5,1,2017,2,3,85000
37054,N201607273507,Isis St 14,0,2018,2,10,1,2017,2,3,55000
37100,N201608054342,Jasper Pl 34,0,2018,2,7,1,2017,2,3,60000
37227,N201609016584,Grant Ave 1601,0,2018,2,16,1,2017,2,3,58556
37255,N201609097350,Valparaiso St 88,0,2018,2,5,1,2017,2,3,41000
37270,N201609137608,Greenwich St 1555,0,2018,2,13,1,2017,2,3,175000
37309,N201609228561,34th Ave 2386,0,2018,2,3,1,2017,2,3,80000
37327,N201609278931,Taylor St 2127,0,2018,2,3,1,2017,2,3,100000
37427,N201610210880,Laguna St 2620,0,2018,2,13,1,2017,2,3,21000
37448,N201610311468,Country Club Dr 1,0,2018,2,2,1,2017,2,3,55000
37461,N201611021779,Turk St 3053,0,2018,2,8,1,2017,2,3,57000
37537,N201611293687,Woolsey St 925,0,2018,2,1,1,2017,2,3,47000
37546,N201612024018,Anza St 3136,0,2018,2,2,1,2017,2,3,56000
37557,N201612084415,23rd Ave 164,0,2018,2,7,1,2017,2,3,51500
37595,N201612165230,Cortland Ave 142,0,2018,2,2,1,2017,2,3,83000
37653,N201612306316,Parnassus Ave 172,0,2018,2,7,1,2017,2,3,80000
37664,N201701066618,Oakwood St 76,0,2018,2,2,1,2017,2,3,400000
37764,N201702179635,23rd St 3669,0,2018,2,3,1,2017,2,3,11500
37800,N201703060737,Liberty St 153,0,2018,2,2,1,2017,2,3,8100
186,N200203191797,Hiliritas Ave 55,0,2018,1,1,1,2016,2,6,900000
187,N200203191802,Hiliritas Ave 65,0,2018,1,1,1,2016,2,6,900000
7308,N200412131313,Tioga Ave 189,0,2018,1,1,1,2016,2,6,796500
7309,N200412131315,Tioga Ave 187,0,2018,1,1,1,2016,2,6,796500
7310,N200412131318,Tioga Ave 191,0,2018,1,1,1,2016,2,6,796500
14313,N200606133915,Texas St 585,0,2018,1,2,1,2009,1,35,250000
20090,N200711289065,30th Ave 874,0,2018,1,2,1,2009,1,35,558000
21050,N200804250691,Lyon St 417,0,2018,1,2,1,2009,1,35,200000
30319,N201310219817,States St 233,0,2018,1,1,1,2016,2,6,525000
30728,N201312174396,24th St 3040,0,2018,1,1,1,2017,1,3,807346
30860,N201312305280,Shotwell St 1525,0,2018,1,1,1,2017,1,3,682137
31367,N201403191158,Anderson St 503,0,2018,1,1,1,2017,1,3,425000
31380,N201403211380,Sagamore St 177,0,2018,1,1,1,2017,1,3,692000
31848,N201405296982,Edgehill Way 127,0,2018,1,1,1,2016,2,6,697500
32123,N201407010196,Funston Ave 1419,0,2018,1,2,1,2017,1,3,300000
32182,N201407111074,Noe St 1783,0,2018,1,1,1,2016,2,6,1000230
32258,N201407242130,Kensington Way 112,0,2018,1,1,1,2016,2,6,1170000
32720,N201410219535,Harvard St 167,0,2018,1,2,1,2017,1,3,155000
32786,N201411040616,Chenery St 831,0,2018,1,1,1,2016,2,6,980000
32913,N201411252470,Baker St 102,0,2018,1,3,1,2017,1,3,684185
33085,N201412234391,Rutledge St 37,0,2018,1,1,1,2017,1,3,610000
33086,N201412234394,Rutledge St 35,0,2018,1,1,1,2017,1,3,504000
33265,N201501297021,Hickory St 522,0,2018,1,1,1,2017,1,3,770000
33350,N201502128193,Natoma St 534,0,2018,1,5,1,2016,2,6,320000
33372,N201502178455,Guerrero St 982,0,2018,1,3,1,2017,1,3,460000
33603,N201503191293,Broderick St 3134,0,2018,1,4,1,2017,1,3,40000
33618,N201503191389,07th Ave 550,0,2018,1,2,1,2016,2,6,178000
33879,N201504022691,Ivy St 628,0,2018,1,3,1,2016,2,6,80000
34240,N201505126076,Bonview St 6,0,2018,1,1,1,2017,1,3,600000
34242,N201505126084,Bonview St 2,0,2018,1,1,1,2017,1,3,700000
34246,N201505136185,Fillmore St 360,0,2018,1,4,1,2016,2,6,12000
34251,N201505136226,38th Ave 846,0,2018,1,3,1,2017,1,3,60000
34467,N201506179222,Rausch St 29,0,2018,1,4,1,2016,2,6,200000
34519,N201506259899,Huron Ave 566,0,2018,1,2,1,2016,2,6,15000
34618,N201507091106,Terra Vista Ave 100,0,2018,1,5,1,2017,1,3,80000
34821,N201508134164,Visitacion Ave 551,0,2018,1,2,1,2016,2,6,35575
34878,N201508215004,Grand View Ave 139,0,2018,1,2,1,2017,1,3,695000
34922,N201508315729,Mcallister St 2739,0,2018,1,3,1,2017,1,3,500000
35130,N201510159839,30th Ave 2123,0,2018,1,2,1,2016,2,6,50000
35680,N201512114877,Euclid Ave 246,0,2018,1,7,1,2017,1,3,80000
35775,N201512185513,Minna St 1359,0,2018,1,4,1,2017,1,3,600000
35817,N201512245923,Hampshire St 1136,0,2018,1,2,1,2017,1,3,284000
35828,N201512306130,38th Ave 2600,0,2018,1,2,1,2017,1,3,82400
35922,N201601227805,24th Ave 538,0,2018,1,3,1,2017,1,3,62000
35956,N201602018430,30th St 489,0,2018,1,2,1,2017,1,3,975000
36009,N201602099107,Union St 376,0,2018,1,4,1,2017,1,3,80000
36018,N201602109217,26th St 3441,0,2018,1,2,1,2017,1,3,181000
36270,N201602190043,Market St 2710,0,2018,1,11,1,2017,1,3,90000
36323,N201603010833,Randolph St 982,0,2018,1,2,1,2017,1,3,93000
36362,N201603071401,Oakdale Ave 1615,0,2018,1,3,1,2017,1,3,75000
36372,N201603081509,Noriega St 501,0,2018,1,1,1,2017,1,3,810000
36556,N201604084285,Athens St 385,0,2018,1,2,1,2017,1,3,35000
36624,N201604205279,14th St 420,0,2018,1,10,1,2017,1,3,105000
36646,N201604286003,11th Ave 470,0,2018,1,3,1,2017,1,3,26580
36671,N201605036456,Noriega St 1633,0,2018,1,4,1,2017,1,3,52000
36730,N201605127316,Chestnut St 1230,0,2018,1,7,1,2017,1,3,10000
36763,N201605177696,25th St 3780,0,2018,1,3,1,2017,1,3,50000
36894,N201606170332,Taraval St 3350,0,2018,1,1,1,2017,1,3,83000
37007,N201607142411,Henry St 69,0,2018,1,1,1,2017,1,3,63850
37010,N201607152444,Folsom St 2790,0,2018,1,7,1,2017,1,3,1
37101,N201608054348,Silliman St 340,0,2018,1,2,1,2017,1,3,10000
37141,N201608165091,Chapman St 495,0,2018,1,1,1,2017,1,3,382565
37168,N201608225711,Lyon St 730,0,2018,1,3,1,2017,1,3,30000
37217,N201608316527,08th Ave 1456,0,2018,1,3,1,2017,1,3,1000
37319,N201609238735,De Haro St 888,0,2018,1,2,1,2017,1,3,60000
37691,N201701187362,Greenwich St 2263,0,2018,1,1,1,2017,1,3,30000
184,N201407181635,647 DUNCAN ST,1,2018,1,1,1,2017,1,3,800000
185,N201407292390,112 12TH AV,1,2018,1,2,1,2017,1,3,19000
186,N201410038023,400 HEARST AV,1,2018,1,1,1,2016,2,6,400000
187,N201410158900,19 ARGUELLO BL,1,2018,1,1,1,2016,4,4,1065088
188,N201412194190,127 23RD AV,1,2018,1,1,1,2016,2,6,670000
189,N201503160972,427 LISBON ST,1,2018,1,2,1,2016,2,6,60000
190,N201505146319,1555 23RD AV,1,2018,1,2,1,2016,4,4,128500
191,N201507232260,1121 FELTON ST,1,2018,1,2,1,2016,2,6,46000
192,N201508214923,1824 15TH ST,1,2018,1,3,1,2016,4,4,190000
193,N201509227704,1780 REVERE AV,1,2018,1,2,1,2016,4,4,74000
194,N201510028709,210 FREDERICK ST,1,2018,1,2,1,2016,2,6,80000
195,N201511203266,1738 FILBERT ST,1,2018,1,2,1,2016,2,6,50000
196,N201511233353,11 HILIRITAS AV,1,2018,1,1,1,2016,4,4,768870
197,N201512114904,1339 FRANCISCO ST,1,2018,1,3,1,2017,1,3,50000
198,N201601076555,17 OTTAWA AV,1,2018,1,2,1,2016,4,4,70000
199,N201601227749,636 CAROLINA ST,1,2018,1,2,1,2017,1,3,490000
200,N201602018541,32 HERON ST,1,2018,1,1,1,2016,4,4,600000
201,N201603020949,406 CHENERY ST,1,2018,1,3,1,2016,4,4,60000
202,N201603152102,2339 41ST AV,1,2018,1,2,1,2016,4,4,75000
203,N201603162161,184 LONDON ST,1,2018,1,2,1,2016,4,4,110000
204,N201603232845,1447 OAKDALE AV,1,2018,1,2,1,2016,4,4,20000
205,N201605177697,1199 DOLORES ST,1,2018,1,3,1,2017,1,3,50000
207,N201608266121,71 CURTIS ST,1,2018,1,2,1,2017,1,3,55000
208,N201611213235,2300 MASON ST,1,2018,1,1,1,2016,4,4,250000
21272,N200806023360,Mckinnon Ave 1703,0,2017,4,1,1,2016,1,6,295000
30174,N201309308119,Evans Ave 1375,0,2017,4,1,1,2015,4,7,1090000
31371,N201403191190,23rd Ave 439,0,2017,4,2,1,2016,1,6,93000
32086,N201406279799,Caine Ave 77,0,2017,4,1,1,2016,1,6,525000
32088,N201406279810,Caine Ave 79,0,2017,4,1,1,2016,1,6,525000
32487,N201409095796,34th Ave 827,0,2017,4,2,1,2016,1,6,240000
32627,N201410027946,12th Ave 371,0,2017,4,2,1,2016,1,6,328300
32682,N201410159002,Dolores St 1560,0,2017,4,2,1,2016,1,6,780000
32782,N201411030494,Keith St 2008,0,2017,4,1,1,2016,1,6,550000
32935,N201412012684,Joy St 29,0,2017,4,1,1,2016,1,6,575000
32990,N201412083314,14th Ave 287,0,2017,4,2,1,2015,4,7,12500
33133,N201501065025,44th Ave 834,0,2017,4,2,1,2015,4,7,1
33266,N201501307061,Alvarado St 873,0,2017,4,2,1,2015,4,7,17000
33289,N201502037359,North Point St 2131,0,2017,4,2,1,2015,4,7,5000
33813,N201504012497,Summit Way 250,0,2017,4,1,1,2015,4,7,10000
33880,N201504032736,09th Ave 1366,0,2017,4,2,1,2016,1,6,22200
33903,N201504072954,Lombard St 1637,0,2017,4,2,1,2015,4,7,150000
34032,N201504214225,15th Ave 1227,0,2017,4,2,1,2015,4,7,303500
34231,N201505085843,Larkin St 1651,0,2017,4,13,1,2015,4,7,60000
34235,N201505115914,Vallejo St 2898,0,2017,4,2,1,2015,4,7,3200000
34304,N201505227018,Sacramento St 1850,0,2017,4,37,1,2016,1,6,75000
34325,N201505287372,Maynard St 175,0,2017,4,2,1,2016,1,6,50000
34420,N201506098466,Summit Way 236,0,2017,4,1,1,2015,4,7,380800
34468,N201506179226,23rd Ave 2689,0,2017,4,2,1,2016,1,6,10000
34626,N201507101227,43rd Ave 439,0,2017,4,3,1,2016,1,6,150600
34789,N201508073658,Cambridge St 462,0,2017,4,2,1,2016,1,6,80000
34925,N201508315738,Fell St 840,0,2017,4,3,1,2016,1,6,17000
110,N201012106469,1927 ALEMANY BL,1,2017,4,1,1,2011,4,23,307200
111,N201204138248,412 HEARST AV,1,2017,4,1,1,2015,4,7,537120
114,N201303071745,680 SPRUCE ST,1,2017,4,2,1,2016,3,4,880000
115,N201303293381,349 RICHLAND AV,1,2017,4,2,1,2015,4,7,178484
116,N201305207321,431 02ND AV,1,2017,4,3,1,2016,3,4,60000
124,N201401307462,1117 HOWARD ST,1,2017,4,1,1,2016,3,4,495000
126,N201403170852,787 TREAT AV,1,2017,4,3,1,2016,1,6,90000
128,N201403261777,225 17TH AV,1,2017,4,2,1,2016,3,4,733000
129,N201404012185,457 WALLER ST,1,2017,4,1,1,2016,1,6,523000
136,N201411191947,116 ELSIE ST,1,2017,4,1,1,2016,3,4,687500
137,N201411212273,2308 21ST AV,1,2017,4,2,1,2015,4,7,260000
141,N201412012693,2877 FOLSOM ST,1,2017,4,1,1,2016,3,4,570000
142,N201501125418,239 14TH AV,1,2017,4,2,1,2016,1,6,300000
144,N201503090286,532 NATOMA ST,1,2017,4,1,1,2015,4,7,384000
145,N201503120626,4820 FULTON ST,1,2017,4,2,1,2016,1,6,106000
147,N201503191386,844 33RD AV,1,2017,4,3,1,2016,3,4,55000
148,N201504012491,1330 HAMPSHIRE ST,1,2017,4,2,1,2015,4,7,672000
149,N201504022624,325 CLIPPER ST,1,2017,4,3,1,2015,4,7,72335
151,N201504224304,1354 27TH AV,1,2017,4,2,1,2016,3,4,35000
152,N201504244517,2930 ANZA ST,1,2017,4,2,1,2015,4,7,310000
154,N201506037942,2142 34TH AV,1,2017,4,2,1,2016,1,6,111423
155,N201506199483,2130 SANTIAGO ST,1,2017,4,2,1,2015,4,7,95550
156,N201507131253,1331 SAN BRUNO AV,1,2017,4,2,1,2016,3,4,600000
157,N201510169913,1453 18TH AV,1,2017,4,3,1,2016,3,4,75500
160,N201511122419,463 SUNRISE WY,1,2017,4,2,1,2016,1,6,70000
161,N201512225698,2477 LOMBARD ST,1,2017,4,3,1,2016,3,4,160800
162,N201602189872,3669 - 3671 23RD ST,1,2017,4,3,1,2016,3,4,86000
163,N201603222793,1528 15TH ST,1,2017,4,5,1,2016,3,4,178000
164,N201606291163,116 VIRGINIA AV,1,2017,4,2,1,2016,3,4,200000
19635,N200709193055,Taylor St 1814,0,2017,3,3,1,2011,3,23,72000
25035,N201009241614,11th Ave 289,0,2017,3,1,1,2011,3,23,250000
30553,N201311192313,Grand View Ave 429,0,2017,3,2,1,2015,3,7,600000
30821,N201312265039,Canyon Dr 23,0,2017,3,1,1,2015,3,7,820000
31022,N201401226863,Stanton St 86,0,2017,3,1,1,2015,3,7,736000
31923,N201406067734,Baker St 618,0,2017,3,2,1,2015,3,7,150000
32281,N201407292392,10th Ave 2014,0,2017,3,2,1,2015,3,7,10000
32317,N201408012798,17th St 3474,0,2017,3,7,1,2015,3,7,60000
32734,N201410229656,San Bruno Ave 3090,0,2017,3,4,1,2015,3,7,24000
32774,N201410300350,Jules Ave 233,0,2017,3,2,1,2015,3,7,5000
33419,N201502259272,Hyde St 1637,0,2017,3,7,1,2015,3,7,140000
34602,N201507070780,Ashbury St 1055,0,2017,3,1,1,2015,3,7,1
34745,N201508033162,15th St 1785,0,2017,3,9,1,2015,3,7,1
112,N201205251254,2851 FILBERT ST,1,2017,3,2,1,2015,3,7,1025000
119,N201307303164,5000 MISSION ST,1,2017,3,2,1,2015,3,7,40000
120,N201308225028,735 CLAYTON ST,1,2017,3,3,1,2015,3,7,250000
125,N201403100278,1181 VALENCIA ST,1,2017,3,3,1,2015,3,7,78000
130,N201404143170,2582 FILBERT ST,1,2017,3,1,1,2015,3,7,3500000
131,N201405064989,987 DOLORES ST,1,2017,3,7,1,2015,3,7,227000
133,N201405125497,2909 BUSH ST,1,2017,3,2,1,2015,3,7,93000
134,N201405307105,88 MONTCALM ST,1,2017,3,1,1,2015,3,7,800000
153,N201504244599,618 EXCELSIOR AV,1,2017,3,2,1,2015,3,7,20000
24106,N201003037492,Page St 1122,0,2017,2,4,1,2011,2,23,150000
25810,N201104083761,Washington St 3650,0,2017,2,1,1,2012,1,20,1000000
32985,N201412083289,Mission St 2265,0,2017,2,17,1,2015,2,7,45000
135,N201410017778,339 CRESCENT AV,1,2017,2,1,1,2016,2,3,780000
138,N201411242420,1044 JACKSON ST,1,2017,2,3,1,2016,2,3,500000
143,N201502107933,1110 YORK ST,1,2017,2,2,1,2016,2,3,690000
146,N201503171144,2405 32ND AV,1,2017,2,1,1,2016,2,3,800588
150,N201504153723,1967 HAYES ST,1,2017,2,3,1,2016,2,3,50000
159,N201510210391,1318 COLE ST,1,2017,2,2,1,2016,2,3,325000
9453,N200505172633,Ervine St 83,0,2017,1,1,1,2008,1,35,325000
18180,N200703307744,Dolores St 1225,0,2017,1,1,1,2015,2,6,928000
19100,N200706154119,42nd Ave 852,0,2017,1,2,1,2011,1,23,310000
19234,N200707116486,19th Ave 1559,0,2017,1,2,1,2008,1,35,450000
19423,N200708139503,Bowdoin St 1316,0,2017,1,1,1,2008,1,35,399000
19588,N200709112317,26th Ave 609,0,2017,1,2,1,2011,1,23,362000
23432,N200909237457,Elsie St 128,0,2017,1,1,1,2015,2,6,559133
26110,N201106228677,Franklin St 1547,0,2017,1,4,1,2014,2,10,300000
28973,N201302281136,Eucalyptus Dr 477,0,2017,1,1,1,2015,2,6,890000
29864,N201307292931,23rd St 3930,0,2017,1,3,1,2015,2,6,52000
30334,N201310229949,Bay St 737,0,2017,1,1,1,2014,2,10,100000
30711,N201312134205,21st St 3721,0,2017,1,1,1,2015,2,6,622000
31610,N201404294518,45th Ave 634,0,2017,1,1,1,2015,2,6,550000
32388,N201408184086,Faxon Ave 645,0,2017,1,2,1,2015,2,6,35000
32595,N201409297547,33rd Ave 1507,0,2017,1,2,1,2015,2,6,15000
32792,N201411050758,Naples St 326,0,2017,1,2,1,2015,2,6,60000
113,N201302250862,1451 MARIPOSA ST,1,2017,1,3,1,2014,2,10,66000
118,N201306280702,807 BOSWORTH ST,1,2017,1,2,1,2015,2,6,340000
121,N201308235158,89 BELGRAVE AV,1,2017,1,1,1,2015,2,6,1035900
122,N201309126618,618 17TH AV,1,2017,1,2,1,2015,2,6,760000
123,N201401226857,2528 UNION ST,1,2017,1,1,1,2016,1,3,1296480
132,N201405085281,2237 UNION ST,1,2017,1,2,1,2016,1,3,1000000
26374,N201108313624,Grove St 537,0,2016,4,2,1,2015,1,6,418662
29863,N201307262927,Natoma St 955,0,2016,4,1,1,2015,1,6,350000
30071,N201309126610,48th Ave 1474,0,2016,4,2,1,2015,1,6,300000
30120,N201309207325,Alvarado St 439,0,2016,4,1,1,2015,1,6,879000
30410,N201310310802,08th Ave 522,0,2016,4,2,1,2015,1,6,232000
31056,N201401287293,Laidley St 210,0,2016,4,1,1,2015,1,6,1100000
31151,N201402138456,Anza St 3339,0,2016,4,2,1,2015,1,6,172800
31190,N201402208968,Grove St 940,0,2016,4,1,1,2014,4,7,599561
31727,N201405155805,Summit Way 301,0,2016,4,1,1,2014,4,7,380800
32038,N201406249274,Haight St 688,0,2016,4,4,1,2015,1,6,54700
32260,N201407252175,Naples St 54,0,2016,4,2,1,2015,1,6,12700
32355,N201408123634,Taylor St 136,0,2016,4,1,1,2014,4,7,21897
32815,N201411121226,Golden Gate Ave 1786,0,2016,4,7,1,2015,1,6,144000
35,N200809262740,2626 LARKIN ST,1,2016,4,2,1,2010,4,23,4200000
36,N200906261414,279 MONTEREY BL,1,2016,4,2,1,2014,1,10,971000
37,N200908033985,194 SWEENY ST,1,2016,4,1,1,2015,1,6,550000
38,N201111179087,645 DUNCAN ST,1,2016,4,1,1,2014,1,10,1093380
39,N201112090432,209 PRENTISS ST,1,2016,4,1,1,2015,1,6,313000
40,N201301168071,4376 24TH ST,1,2016,4,1,1,2015,1,6,900000
41,N201303212727,4616 03RD ST,1,2016,4,2,1,2014,4,7,57785
43,N201305157021,175 BREWSTER ST,1,2016,4,1,1,2015,1,6,479000
44,N201306068876,1769 11TH AV,1,2016,4,1,1,2014,4,7,900000
45,N201307021054,203 RUSSIA AV,1,2016,4,2,1,2015,1,6,120000
47,N201307242711,344 HOLLOWAY AV,1,2016,4,2,1,2015,1,6,275000
48,N201307313282,1055 ASHBURY ST,1,2016,4,1,1,2015,1,6,600000
51,N201311222590,1801 SCOTT ST,1,2016,4,1,1,2014,4,7,267000
52,N201312043311,701 SILVER AV,1,2016,4,1,1,2014,4,7,838295
53,N201312265013,4621 19TH ST,1,2016,4,2,1,2014,4,7,375000
54,N201312305300,1749 DOLORES ST,1,2016,4,2,1,2015,1,6,170000
55,N201406037375,36 KNOLLVIEW WAY,1,2016,4,1,1,2015,1,6,902110
56,N201407080708,1001 CHESTNUT ST,1,2016,4,2,1,2015,1,6,200000
22059,N200810295438,34th Ave 563,0,2016,3,2,1,2010,3,23,631462
29435,N201305096539,Manzanita Ave 53,0,2016,3,2,1,2014,3,7,14500
29490,N201305207381,San Bruno Ave 3132,0,2016,3,2,1,2014,3,7,75000
29729,N201307081319,22nd St 3647,0,2016,3,2,1,2014,3,7,28000
29868,N201307292973,Corbett Ave 349,0,2016,3,2,1,2014,3,7,90000
30798,N201312234814,10th Ave 1280,0,2016,3,2,1,2014,3,7,120000
31300,N201403100318,Summit Way 315,0,2016,3,1,1,2014,3,7,3000
31955,N201406138343,Hawes St 1308,0,2016,3,2,1,2014,3,7,48000
42,N201305156961,546 34TH AV,1,2016,3,2,1,2014,3,7,1080000
49,N201310119147,1302 YORK ST,1,2016,3,3,1,2014,3,7,68000
22839,N200904307374,18th St 1530,0,2016,2,1,1,2010,2,23,85000
23853,N200912183480,14th Ave 223,0,2016,2,2,1,2010,2,23,174560
25249,N201011175170,Granada Ave 71,0,2016,2,1,1,2010,4,21,26052
8055,N200502105264,15th Ave 714,0,2016,1,2,1,2007,1,35,400000
13413,N200604058365,22nd Ave 1242,0,2016,1,2,1,2007,1,35,150000
13995,N200605161719,Bush St 2232,0,2016,1,1,1,2007,1,35,120000
21397,N200806194898,Alpha St 138,0,2016,1,1,1,2013,2,10,500000
28338,N201210162142,Cambridge St 616,0,2016,1,1,1,2013,2,10,536146
28633,N201212136160,Revere Ave 1379,0,2016,1,2,1,2013,2,10,110000
16357,N200611036809,Bishop St 67,0,2015,4,1,1,2009,4,23,600000
16362,N200611036814,Bishop St 71,0,2015,4,1,1,2009,4,23,590000
22486,N200902021241,Clara St 172,0,2015,4,1,1,2009,4,23,68000
22503,N200902041380,San Carlos St 161,0,2015,4,3,1,2009,4,23,15800
23468,N200910018065,Shotwell St 926,0,2015,4,2,1,2009,4,23,1
24277,N201004069730,San Bruno Ave 2724,0,2015,4,3,1,2014,1,6,650000
28102,N201208298556,Uranus Ter 31,0,2015,4,2,1,2014,1,6,20000
28103,N201208308590,05th St 324,0,2015,4,1,1,2013,4,7,210000
7,N201205220992,526 UTAH ST,1,2015,4,2,1,2013,4,7,200000
8,N201209109355,1014 GILMAN AV,1,2015,4,1,1,2013,4,7,780000
9,N201302069581,287 CRESTA VISTA DR,1,2015,4,1,1,2013,4,7,614225
13843,N200605040670,Hugo St 324,0,2015,3,2,1,2013,3,7,300000
20861,N200803288274,Stanyan St 1167,0,2015,3,1,1,2013,3,7,848879
23192,N200907213085,Hotaling Pl 42,0,2015,3,2,1,2009,3,23,13000
26674,N201111088493,Noe St 45,0,2015,3,5,1,2013,3,7,350000
28195,N201209129534,24th Ave 871,0,2015,3,2,1,2013,3,7,20000
6,N200608179803,536 40TH AV,1,2015,3,2,1,2009,3,23,706487
860,N200306207365,Lincoln Way 4227,0,2015,2,2,1,2006,2,35,270000
1329,N200309295983,Cole St 215,0,2015,2,3,1,2006,2,35,450000
3938,N200404221958,48th Ave 1625,0,2015,2,1,1,2006,2,35,410000
5,N200607106046,162 BREWSTER ST,1,2015,2,1,1,2007,4,29,520000
7565,N200501042534,Franklin St 2842,0,2015,1,2,1,2006,1,35,435000
9039,N200504200399,Eddy St 1300,0,2015,1,1,1,2006,1,35,204000
25736,N201103182398,Church St 1877,0,2015,1,2,1,2012,2,10,150000
4640,N200406015250,Mission St 3318,0,2014,4,1,1,2008,4,23,366000
8083,N200502145414,Cherry St 249,0,2014,4,1,1,2008,4,23,300001
25743,N201103212468,Graystone Ter 170,0,2014,4,10,1,2012,1,10,45300
26939,N201201091931,03rd Ave 430,0,2014,4,1,1,2012,4,7,325000
27760,N201206273593,Francisco St 1536,0,2014,4,3,1,2012,4,7,375000
6900,N200411098885,19th Ave 2243,0,2014,3,2,1,2008,3,23,283000
12341,N200601051583,Majestic Ave 192,0,2014,3,1,1,2008,3,23,650000
12597,N200601303332,Kansas St 542,0,2014,3,2,1,2008,3,23,206463
19210,N200707055957,Presidio Ave 858,0,2014,3,5,1,2008,3,23,15000
20738,N200803046213,Shotwell St 711,0,2014,3,1,1,2008,3,23,100000
2642,N200402025367,Cunningham Pl 32,0,2014,2,2,1,2005,2,35,80000
2894,N200402186667,Madison St 215,0,2014,2,1,1,2005,2,35,280000
13678,N200604259790,Bryant St 2219,0,2014,2,2,1,2008,2,23,440000
1331,N200309295987,Douglass St 656,0,2014,1,2,1,2005,1,35,500000
5550,N200407300207,Junipero Serra Blvd 425,0,2014,1,1,1,2005,1,35,380000
412,N200212042761,Oak Park Dr 580,0,2013,4,1,1,2007,4,23,650000
12091,N200512150450,Hudson Ave 1409,0,2013,4,1,1,2007,4,23,438760
12408,N200601132102,Moultrie St 842,0,2013,4,1,1,2007,4,23,350000
16850,N200612149841,Church St 1320,0,2013,4,1,1,2007,4,23,200000
17807,N200703095908,29th Ave 871,0,2013,4,2,1,2007,4,23,225000
22965,N200905299409,Palm Ave 130,0,2013,4,5,1,2011,4,7,75000
8883,N200504119604,Capp St 916,0,2013,3,3,1,2007,3,23,137000
16215,N200610245905,Leland Ave 458,0,2013,3,1,1,2007,3,23,374000
19586,N200709102214,16th Ave 1419,0,2013,3,2,1,2007,3,23,1500
73,N200104267792,Italy Ave 121,0,2013,2,1,1,2004,2,35,285000
559,N200302278401,Bryant St 2356,0,2013,2,3,1,2004,2,35,250000
1047,N200308051249,Carl St 282,0,2013,2,3,1,2004,2,35,10000
2189,N200312293142,Rivoli St 32,0,2013,2,2,1,2004,2,35,1
11271,N200510044772,Clifford Ter 100,0,2013,2,2,1,2007,2,23,70000
13846,N200605040677,Dolores St 1655,0,2013,2,2,1,2007,2,23,300000
517,N200302117166,37th Ave 743,0,2013,1,2,1,2004,1,35,250000
636,N200304041539,Irving St 4109,0,2013,1,2,1,2004,1,35,405000
1248,N200309124662,20th Ave 1494,0,2013,1,2,1,2004,1,35,280000
38052,N9902954S,Head St 211,0,2013,1,1,1,2004,1,35,128000
9606,N200505253422,Mississippi St 1062,0,2012,4,2,1,2006,4,23,175000
46,N200101260712,Francisco St 850,0,2012,3,1,1,2006,3,23,1200000
1452,N200310167584,20th St 3676,0,2011,4,2,1,2005,4,23,300000
3786,N200404141320,45th Ave 1359,0,2011,4,2,1,2005,4,23,300000
4826,N200406116191,22nd St 1919,0,2011,4,2,1,2005,4,23,512000
5395,N200407209286,York St 721,0,2011,4,2,1,2005,4,23,102400
7367,N200412161603,Tehama St 431,0,2011,4,1,1,2005,4,23,287000
581,N200303109221,Corbett Ave 300,0,2010,3,1,1,2004,3,23,360000
1472,N200310218054,Fair Oaks St 221,0,2010,3,2,1,2004,3,23,60000
