PERMIT_ID,UNITS_,NET_UNITS_,PERMIT_DATE_YEAR,PERMIT_DATE_QUARTER,DURATION_PREDICTED,YEAR_END_PREDICTED,QUARTER_END_PREDICTED,COST
N200101260712,1.0,1.0,2006,3,29.0,2014.0,1.0,1200000.0
N200104267792,1.0,1.0,2004,2,34.0,2013.0,1.0,285000.0
N200201086443,21.0,3.0,2005,1,33.0,2013.0,3.0,55000.0
N200201106632,3.0,3.0,2004,2,34.0,2013.0,1.0,900000.0
N200201177252,2.0,2.0,2006,2,30.0,2014.0,1.0,680000.0
N200203191802,1.0,1.0,2016,2,7.0,2018.0,2.0,900000.0
N200207171660,7.0,7.0,2005,1,33.0,2013.0,3.0,2100000.0
N200210280040,4.0,4.0,2006,2,30.0,2014.0,1.0,1400000.0
N200212042761,1.0,1.0,2007,4,26.0,2014.0,3.0,650000.0
N200212062942,2.0,2.0,2004,1,35.0,2013.0,1.0,350000.0
N200302117166,2.0,1.0,2004,1,35.0,2013.0,1.0,250000.0
N200302147582,3.0,2.0,2007,1,28.0,2014.0,2.0,150000.0
N200302278401,3.0,1.0,2004,2,34.0,2013.0,1.0,250000.0
N200303109221,1.0,1.0,2004,3,33.0,2013.0,1.0,360000.0
N200304041539,2.0,1.0,2004,1,35.0,2013.0,1.0,405000.0
N200305124383,42.0,42.0,2005,4,30.0,2013.0,3.0,1.0
N200306207365,2.0,1.0,2006,2,30.0,2014.0,1.0,270000.0
N200307280541,12.0,12.0,2005,1,33.0,2013.0,3.0,700000.0
N200308051236,33.0,33.0,2007,2,27.0,2014.0,2.0,4000000.0
N200308051249,3.0,1.0,2004,2,34.0,2013.0,1.0,10000.0
N200308142054,2.0,2.0,2004,3,33.0,2013.0,1.0,600000.0
N200308182331,2.0,2.0,2006,2,30.0,2014.0,1.0,540000.0
N200309124662,2.0,1.0,2004,1,35.0,2013.0,1.0,280000.0
N200309154738,55.0,55.0,2004,3,33.0,2013.0,1.0,8000000.0
N200309295983,3.0,1.0,2006,2,30.0,2014.0,1.0,450000.0
N200309295987,2.0,1.0,2005,1,33.0,2013.0,3.0,500000.0
N200310167584,2.0,1.0,2005,4,30.0,2013.0,3.0,300000.0
N200310218054,2.0,1.0,2004,3,33.0,2013.0,1.0,60000.0
N200311240936,1.0,1.0,2011,3,18.0,2016.0,2.0,470000.0
N200312293142,2.0,1.0,2004,2,34.0,2013.0,1.0,1.0
N200312313239,2.0,2.0,2005,1,33.0,2013.0,3.0,350000.0
N200402025367,2.0,1.0,2005,2,32.0,2013.0,3.0,80000.0
N200402186667,1.0,1.0,2005,2,32.0,2013.0,3.0,280000.0
N200404141320,2.0,1.0,2005,4,30.0,2013.0,3.0,300000.0
N200404191654,3.0,3.0,2007,4,26.0,2014.0,3.0,913820.0
N200404221958,1.0,1.0,2006,2,30.0,2014.0,1.0,410000.0
N200405073324,7.0,7.0,2016,2,7.0,2018.0,2.0,2625000.0
N200406015250,1.0,1.0,2008,4,24.0,2015.0,1.0,366000.0
N200406116191,2.0,1.0,2005,4,30.0,2013.0,3.0,512000.0
N200407027962,1.0,1.0,2017,2,5.0,2018.0,4.0,860900.0
N200407158977,1.0,1.0,2010,2,21.0,2015.0,4.0,620000.0
N200407209286,2.0,1.0,2005,4,30.0,2013.0,3.0,102400.0
N200407300207,1.0,1.0,2005,1,33.0,2013.0,3.0,380000.0
N200411098885,2.0,1.0,2008,3,24.0,2014.0,4.0,283000.0
N200411139072,2.0,2.0,2007,2,27.0,2014.0,2.0,426210.0
N200412080961,2.0,2.0,2006,4,28.0,2014.0,1.0,580000.0
N200412131315,1.0,1.0,2016,2,7.0,2018.0,2.0,796500.0
N200412161603,1.0,1.0,2005,4,30.0,2013.0,3.0,287000.0
N200412171712,27.0,27.0,2014,2,12.0,2017.0,3.0,11200000.0
N200412292309,2.0,2.0,2005,3,31.0,2013.0,3.0,689990.0
N200501042534,2.0,1.0,2006,1,30.0,2013.0,4.0,435000.0
N200502014516,5.0,4.0,2006,2,30.0,2014.0,1.0,815000.0
N200502105264,2.0,1.0,2007,1,28.0,2014.0,2.0,400000.0
N200502145414,1.0,1.0,2008,4,24.0,2015.0,1.0,300001.0
N200502185851,3.0,3.0,2009,1,24.0,2015.0,2.0,963000.0
N200504119604,3.0,1.0,2007,3,27.0,2014.0,3.0,137000.0
N200504200399,1.0,1.0,2006,1,30.0,2013.0,4.0,204000.0
N200504200419,1.0,1.0,2006,1,30.0,2013.0,4.0,183000.0
N200504281137,1.0,1.0,2015,2,9.0,2017.0,4.0,1308800.0
N200505172633,1.0,1.0,2008,1,26.0,2014.0,4.0,325000.0
N200505253422,2.0,1.0,2006,4,28.0,2014.0,1.0,175000.0
N200506074411,2.0,2.0,2008,2,25.0,2014.0,4.0,883000.0
N200506084563,81.0,81.0,2005,4,31.0,2013.0,4.0,325000.0
N200507066945,2.0,2.0,2007,2,27.0,2014.0,2.0,550000.0
N200507208180,69.0,18.0,2008,1,27.0,2015.0,1.0,10000000.0
N200507218277,3.0,2.0,2007,4,26.0,2014.0,3.0,800000.0
N200509022013,2.0,2.0,2005,4,30.0,2013.0,3.0,195000.0
N200510044772,2.0,1.0,2007,2,27.0,2014.0,2.0,70000.0
N200510145593,48.0,24.0,2007,1,29.0,2014.0,3.0,1204000.0
N200512029419,2.0,2.0,2006,4,28.0,2014.0,1.0,520000.0
N200512150450,1.0,1.0,2007,4,26.0,2014.0,3.0,438760.0
N200512281113,2.0,2.0,2007,4,26.0,2014.0,3.0,839040.0
N200512281145,98.0,98.0,2007,3,27.0,2014.0,3.0,35181000.0
N200601051583,1.0,1.0,2008,3,24.0,2014.0,4.0,650000.0
N200601132102,1.0,1.0,2007,4,26.0,2014.0,3.0,350000.0
N200601202704,6.0,6.0,2013,4,12.0,2017.0,1.0,2700000.0
N200601303332,2.0,1.0,2008,3,24.0,2014.0,4.0,206463.0
N200602215057,35.0,35.0,2008,4,24.0,2015.0,1.0,10000000.0
N200602245389,2.0,2.0,2008,1,26.0,2014.0,4.0,610000.0
N200603035946,1.0,1.0,2008,1,26.0,2014.0,4.0,300000.0
N200604058365,2.0,1.0,2007,1,28.0,2014.0,2.0,150000.0
N200604259790,2.0,1.0,2008,2,25.0,2014.0,4.0,440000.0
N200605040670,2.0,1.0,2013,3,13.0,2017.0,1.0,300000.0
N200605040677,2.0,1.0,2007,2,27.0,2014.0,2.0,300000.0
N200605161719,1.0,1.0,2007,1,28.0,2014.0,2.0,120000.0
N200605232239,9.0,9.0,2008,3,24.0,2014.0,4.0,1600000.0
N200606133915,2.0,1.0,2009,1,24.0,2015.0,2.0,250000.0
N200606144063,107.0,107.0,2007,2,28.0,2014.0,3.0,28000000.0
N200606234934,2.0,1.0,2013,1,15.0,2017.0,1.0,514000.0
N200608179803,2.0,2.0,2009,3,22.0,2015.0,2.0,706487.0
N200608230323,37.0,37.0,2015,3,9.0,2018.0,1.0,12038000.0
N200608290811,2.0,2.0,2013,1,15.0,2017.0,1.0,537000.0
N200609071583,1.0,1.0,2007,3,27.0,2014.0,3.0,590000.0
N200609132176,1.0,1.0,2013,3,13.0,2017.0,1.0,500000.0
N200610245905,1.0,1.0,2007,3,27.0,2014.0,3.0,374000.0
N200611036809,1.0,1.0,2009,4,21.0,2015.0,2.0,600000.0
N200611036814,1.0,1.0,2009,4,21.0,2015.0,2.0,590000.0
N200612018992,2.0,1.0,2007,2,27.0,2014.0,2.0,50000.0
N200612149841,1.0,1.0,2007,4,26.0,2014.0,3.0,200000.0
N200701051057,2.0,2.0,2008,4,24.0,2015.0,1.0,437169.0
N200701101393,1.0,1.0,2010,3,20.0,2015.0,4.0,915000.0
N200703095908,2.0,1.0,2007,4,26.0,2014.0,3.0,225000.0
N200703307744,1.0,1.0,2015,2,9.0,2017.0,4.0,928000.0
N200705010141,28.0,28.0,2016,2,7.0,2018.0,2.0,11107000.0
N200705252312,2.0,2.0,2007,4,26.0,2014.0,3.0,800000.0
N200706154119,2.0,1.0,2011,1,19.0,2016.0,1.0,310000.0
N200706265226,2.0,2.0,2009,3,22.0,2015.0,2.0,507854.0
N200707055957,5.0,1.0,2008,3,24.0,2014.0,4.0,15000.0
N200707116486,2.0,1.0,2008,1,26.0,2014.0,4.0,450000.0
N200707308102,4.0,4.0,2010,4,19.0,2015.0,4.0,1700000.0
N200708079019,2.0,2.0,2014,3,11.0,2017.0,3.0,796000.0
N200708079025,2.0,2.0,2014,3,11.0,2017.0,3.0,565000.0
N200708139503,1.0,1.0,2008,1,26.0,2014.0,4.0,399000.0
N200709102214,2.0,1.0,2007,3,27.0,2014.0,3.0,1500.0
N200709112317,2.0,1.0,2011,1,19.0,2016.0,1.0,362000.0
N200709193055,3.0,1.0,2011,3,18.0,2016.0,2.0,72000.0
N200711077585,1.0,1.0,2011,2,18.0,2016.0,1.0,785747.0
N200711077587,1.0,1.0,2011,2,18.0,2016.0,1.0,777377.0
N200711077587,1.0,1.0,2011,2,18.0,2016.0,1.0,777377.0
N200711289065,2.0,1.0,2009,1,24.0,2015.0,2.0,558000.0
N200712120290,3.0,3.0,2016,2,7.0,2018.0,2.0,687000.0
N200712140534,13.0,13.0,2016,2,7.0,2018.0,2.0,6000000.0
N200712200952,2.0,1.0,2008,4,24.0,2015.0,1.0,425000.0
N200712311569,50.0,4.0,2012,3,16.0,2016.0,4.0,350000.0
N200801021686,2.0,1.0,2014,1,13.0,2017.0,3.0,485000.0
N200801112324,2.0,1.0,2008,4,24.0,2015.0,1.0,10300.0
N200803046213,1.0,1.0,2008,3,24.0,2014.0,4.0,100000.0
N200803288274,1.0,1.0,2013,3,13.0,2017.0,1.0,848879.38
N200803288288,2.0,2.0,2013,3,13.0,2017.0,1.0,944647.19
N200804038738,2.0,2.0,2016,1,8.0,2018.0,2.0,900000.0
N200804240540,2.0,2.0,2008,4,24.0,2015.0,1.0,50000.0
N200804250691,2.0,1.0,2009,1,24.0,2015.0,2.0,200000.0
N200806023360,1.0,1.0,2016,1,8.0,2018.0,2.0,295000.0
N200806043667,2.0,2.0,2015,1,10.0,2017.0,4.0,600000.0
N200806164548,52.0,13.0,2012,4,15.0,2016.0,4.0,875000.0
N200806194898,1.0,1.0,2013,2,14.0,2017.0,1.0,500000.0
N200806275522,41.0,41.0,2015,2,10.0,2018.0,1.0,12200000.0
N200808058406,9.0,9.0,2016,1,8.0,2018.0,2.0,150000.0
N200809161774,3.0,2.0,2008,4,24.0,2015.0,1.0,26000.0
N200809252702,11.0,11.0,2011,2,18.0,2016.0,1.0,927656.0
N200809262740,2.0,2.0,2010,4,19.0,2015.0,4.0,4200000.0
N200809262781,6.0,6.0,2016,2,7.0,2018.0,2.0,3455948.0
N200810295438,2.0,1.0,2010,3,20.0,2015.0,4.0,631462.43
N200810315629,1.0,1.0,2013,2,14.0,2017.0,1.0,450000.0
N200810315636,15.0,15.0,2015,1,10.0,2017.0,4.0,3000000.0
N200812228987,2.0,1.0,2012,1,17.0,2016.0,3.0,493888.0
N200901150303,3.0,1.0,2010,3,20.0,2015.0,4.0,110000.0
N200902021241,1.0,1.0,2009,4,21.0,2015.0,2.0,68000.0
N200902041380,3.0,1.0,2009,4,21.0,2015.0,2.0,15800.0
N200903113921,11.0,2.0,2010,2,21.0,2015.0,4.0,250000.0
N200903174286,2.0,1.0,2009,4,21.0,2015.0,2.0,152707.96
N200904307374,1.0,1.0,2010,2,21.0,2015.0,4.0,85000.0
N200905299409,5.0,1.0,2011,4,17.0,2016.0,2.0,75000.0
N200906261414,2.0,2.0,2014,1,13.0,2017.0,3.0,971000.0
N200907213085,2.0,1.0,2009,3,22.0,2015.0,2.0,13000.0
N200908124639,19.0,18.0,2015,1,10.0,2017.0,4.0,10559748.0
N200909237457,1.0,1.0,2015,2,9.0,2017.0,4.0,559133.25
N200910018065,2.0,1.0,2009,4,21.0,2015.0,2.0,1.0
N200910018065,2.0,1.0,2010,1,21.0,2015.0,3.0,1.0
N200912183480,2.0,1.0,2010,2,21.0,2015.0,4.0,174560.0
N200912243842,17.0,1.0,2010,4,19.0,2015.0,4.0,1800000.0
N200912304034,2.0,2.0,2012,4,15.0,2016.0,4.0,400000.0
N201003037492,4.0,1.0,2011,2,18.0,2016.0,1.0,150000.0
N201004069730,3.0,1.0,2014,1,13.0,2017.0,3.0,650000.0
N201006104250,61.0,61.0,2016,1,8.0,2018.0,2.0,25710000.0
N201006225046,1.0,1.0,2011,2,18.0,2016.0,1.0,300000.0
N201007146550,2.0,2.0,2012,4,15.0,2016.0,4.0,780000.0
N201009080449,2.0,2.0,2012,2,16.0,2016.0,3.0,790175.0
N201009140800,320.0,320.0,2012,3,16.0,2016.0,4.0,75000000.0
N201009171084,1.0,1.0,2013,2,14.0,2017.0,1.0,1061936.0
N201009241614,1.0,1.0,2011,3,18.0,2016.0,2.0,250000.0
N201009271661,2.0,2.0,2012,1,17.0,2016.0,3.0,785316.0
N201010052342,84.0,84.0,2015,2,10.0,2018.0,1.0,20500000.0
N201011175170,1.0,1.0,2010,4,19.0,2015.0,4.0,26052.0
N201012076279,1.0,1.0,2016,3,6.0,2018.0,2.0,700000.0
N201012086338,69.0,69.0,2010,4,19.0,2015.0,4.0,21000000.0
N201012106469,1.0,1.0,2011,4,17.0,2016.0,2.0,307200.0
N201012217062,94.0,94.0,2011,1,20.0,2016.0,2.0,350000.0
N201012217130,2.0,1.0,2017,2,5.0,2018.0,4.0,102000.0
N201103182398,2.0,1.0,2012,2,16.0,2016.0,3.0,150000.0
N201103212468,10.0,1.0,2012,1,17.0,2016.0,3.0,45300.0
N201103303154,2.0,1.0,2011,4,17.0,2016.0,2.0,25000.0
N201104083761,1.0,1.0,2012,1,17.0,2016.0,3.0,1000000.0
N201106027305,7.0,2.0,2014,1,13.0,2017.0,3.0,50000.0
N201106228677,4.0,1.0,2014,2,12.0,2017.0,3.0,300000.0
N201106238762,2.0,1.0,2012,1,17.0,2016.0,3.0,418500.0
N201106279018,2.0,1.0,2013,2,14.0,2017.0,1.0,1.0
N201108313624,2.0,1.0,2015,1,10.0,2017.0,4.0,418662.0
N201110146866,2.0,1.0,2014,2,12.0,2017.0,3.0,45000.0
N201111088493,5.0,1.0,2013,3,13.0,2017.0,1.0,350000.0
N201111179087,1.0,1.0,2014,1,12.0,2017.0,2.0,1093380.74
N201112090432,1.0,1.0,2015,1,10.0,2017.0,4.0,313000.0
N201112120494,2.0,1.0,2013,1,15.0,2017.0,1.0,459000.0
N201112221179,54.0,54.0,2012,1,17.0,2016.0,3.0,80000.0
N201112301504,2.0,2.0,2017,1,6.0,2018.0,4.0,850000.0
N201201091931,1.0,1.0,2012,4,15.0,2016.0,4.0,325000.0
N201201112070,1.0,1.0,2012,4,15.0,2016.0,4.0,175000.0
N201202073728,172.0,172.0,2012,2,16.0,2016.0,3.0,60044260.0
N201202174401,2.0,2.0,2012,2,16.0,2016.0,3.0,10000.0
N201203146037,2.0,2.0,2016,2,7.0,2018.0,2.0,510000.0
N201203196326,182.0,182.0,2012,3,17.0,2017.0,1.0,888104.0
N201204138248,1.0,1.0,2015,4,8.0,2018.0,1.0,537120.0
N201204168406,50.0,50.0,2014,2,12.0,2017.0,3.0,15000000.0
N201205039740,2.0,1.0,2013,1,15.0,2017.0,1.0,60000.0
N201205079931,2.0,2.0,2012,2,16.0,2016.0,3.0,24566.0
N201205180774,37.0,37.0,2012,4,15.0,2016.0,4.0,9500000.0
N201205220992,2.0,1.0,2013,4,12.0,2017.0,1.0,200000.0
N201205251254,1.0,1.0,2015,3,9.0,2018.0,1.0,1025000.0
N201206072052,2.0,2.0,2012,4,15.0,2016.0,4.0,25000.0
N201206112314,15.0,4.0,2013,3,13.0,2017.0,1.0,350000.0
N201206202986,116.0,8.0,2012,4,16.0,2017.0,1.0,2000000.0
N201206273593,3.0,1.0,2012,4,15.0,2016.0,4.0,375000.0
N201207104487,2.0,1.0,2012,3,15.0,2016.0,3.0,11000.0
N201207124717,285.0,285.0,2013,2,14.0,2017.0,1.0,110545000.0
N201207124723,59.0,59.0,2013,2,14.0,2017.0,1.0,20508500.0
N201207124724,245.0,245.0,2013,2,14.0,2017.0,1.0,98015300.0
N201207124725,80.0,80.0,2013,2,14.0,2017.0,1.0,20486000.0
N201208016312,202.0,202.0,2012,3,17.0,2017.0,1.0,1.0
N201208076803,5.0,5.0,2016,4,6.0,2018.0,3.0,1000000.0
N201208086815,1.0,1.0,2017,4,3.0,2018.0,4.0,500000.0
N201208207754,2.0,2.0,2014,1,13.0,2017.0,3.0,853131.09
N201208298556,2.0,1.0,2014,1,13.0,2017.0,3.0,20000.0
N201208308590,1.0,1.0,2013,4,12.0,2017.0,1.0,210000.0
N201209059004,107.0,107.0,2013,2,15.0,2017.0,2.0,364000.0
N201209059005,116.0,116.0,2013,3,14.0,2017.0,2.0,21500000.0
N201209059006,191.0,191.0,2013,3,14.0,2017.0,2.0,22700000.0
N201209109355,1.0,1.0,2013,4,12.0,2017.0,1.0,780000.0
N201209129534,2.0,1.0,2013,3,13.0,2017.0,1.0,20000.0
N201209129569,105.0,105.0,2012,4,15.0,2016.0,4.0,150000.0
N201209200264,1.0,1.0,2013,4,12.0,2017.0,1.0,646630.94
N201209200274,4.0,4.0,2013,4,12.0,2017.0,1.0,2196000.0
N201210041365,3.0,2.0,2014,4,10.0,2017.0,3.0,720000.0
N201210162142,1.0,1.0,2013,2,14.0,2017.0,1.0,536146.0
N201210242702,8.0,8.0,2013,4,12.0,2017.0,1.0,1800000.0
N201210242758,418.0,418.0,2012,4,18.0,2017.0,3.0,1.0
N201211144194,418.0,418.0,2013,1,18.0,2017.0,4.0,5000.0
N201212055476,9.0,9.0,2013,1,15.0,2017.0,1.0,129014.0
N201212136160,2.0,1.0,2013,2,14.0,2017.0,1.0,110000.0
N201212246822,263.0,263.0,2013,4,12.0,2017.0,1.0,106000000.0
N201212276927,37.0,37.0,2013,1,15.0,2017.0,1.0,250000.0
N201301319206,8.0,8.0,2013,2,14.0,2017.0,1.0,30000.0
N201302069581,1.0,1.0,2013,4,12.0,2017.0,1.0,614225.0
N201302079731,418.0,418.0,2013,1,18.0,2017.0,4.0,1.0
N201302119939,2.0,2.0,2015,3,9.0,2018.0,1.0,1570000.0
N201302250862,3.0,1.0,2014,2,12.0,2017.0,3.0,66000.0
N201302281136,1.0,1.0,2015,2,9.0,2017.0,4.0,890000.0
N201303051508,3.0,3.0,2017,2,5.0,2018.0,4.0,1127500.0
N201303071745,2.0,1.0,2016,3,6.0,2018.0,2.0,880000.0
N201303192552,41.0,41.0,2013,2,14.0,2017.0,1.0,1.0
N201303293381,1.0,1.0,2015,4,8.0,2018.0,1.0,178484.0
N201304023615,418.0,418.0,2013,3,16.0,2017.0,4.0,160000.0
N201304053893,3.0,3.0,2017,1,6.0,2018.0,4.0,1020000.0
N201304164662,3.0,2.0,2015,1,10.0,2017.0,4.0,547311.6
N201305015894,74.0,74.0,2013,4,11.0,2016.0,4.0,136313594.0
N201305036062,139.0,139.0,2014,1,13.0,2017.0,3.0,48723500.0
N201305096539,2.0,1.0,2014,3,11.0,2017.0,3.0,14500.0
N201305207321,3.0,1.0,2016,3,7.0,2018.0,3.0,60000.0
N201305207381,2.0,1.0,2014,3,11.0,2017.0,3.0,75000.0
N201305217545,107.0,107.0,2013,3,14.0,2017.0,2.0,1.0
N201306038460,4.0,4.0,2015,4,8.0,2018.0,1.0,2085383.0
N201306139394,37.0,37.0,2013,4,13.0,2017.0,2.0,357744.0
N201306149565,20.0,20.0,2014,2,12.0,2017.0,3.0,9300000.0
N201306149612,2.0,2.0,2015,4,8.0,2018.0,1.0,1110000.0
N201306210141,3.0,3.0,2015,1,10.0,2017.0,4.0,1200000.0
N201306210213,109.0,109.0,2017,2,5.0,2018.0,4.0,43100000.0
N201306250394,85.0,85.0,2014,3,11.0,2017.0,3.0,20000000.0
N201306250398,156.0,156.0,2014,3,11.0,2017.0,3.0,40000000.0
N201306280702,2.0,1.0,2015,2,10.0,2018.0,1.0,340000.0
N201306280738,23.0,23.0,2015,2,10.0,2018.0,1.0,5750000.0
N201306280802,208.0,208.0,2014,3,12.0,2017.0,4.0,31720000.0
N201307021054,2.0,1.0,2015,1,10.0,2017.0,4.0,120000.0
N201307051236,7.0,2.0,2014,2,12.0,2017.0,3.0,66000.0
N201307081319,2.0,1.0,2014,3,11.0,2017.0,3.0,28000.0
N201307151829,2.0,2.0,2015,3,9.0,2018.0,1.0,1000000.0
N201307232514,2.0,1.0,2014,1,13.0,2017.0,3.0,400000.0
N201307242711,2.0,1.0,2015,1,10.0,2017.0,4.0,275000.0
N201307262927,1.0,1.0,2015,1,10.0,2017.0,4.0,350000.0
N201307292931,3.0,1.0,2015,2,10.0,2018.0,1.0,52000.0
N201307292973,2.0,1.0,2014,3,11.0,2017.0,3.0,90000.0
N201307303137,408.0,408.0,2014,1,13.0,2017.0,3.0,123000000.0
N201308225028,3.0,1.0,2015,3,9.0,2018.0,1.0,250000.0
N201308235158,1.0,1.0,2015,2,9.0,2017.0,4.0,1035900.0
N201308275355,37.0,37.0,2014,3,11.0,2017.0,3.0,1.0
N201309045886,434.0,434.0,2014,3,12.0,2017.0,4.0,127060484.0
N201309066225,3.0,1.0,2016,3,7.0,2018.0,3.0,99000.0
N201309116515,74.0,74.0,2013,4,13.0,2017.0,2.0,4200000.0
N201309126610,2.0,1.0,2015,1,10.0,2017.0,4.0,300000.0
N201309126618,2.0,1.0,2015,2,10.0,2018.0,1.0,760000.0
N201309207325,1.0,1.0,2015,1,10.0,2017.0,4.0,879000.0
N201309257711,71.0,71.0,2016,3,7.0,2018.0,3.0,11910000.0
N201309277920,21.0,21.0,2014,2,12.0,2017.0,3.0,8005337.0
N201309277932,28.0,28.0,2014,2,12.0,2017.0,3.0,8978253.0
N201309277933,28.0,28.0,2014,2,12.0,2017.0,3.0,9286739.0
N201309277934,21.0,21.0,2014,2,12.0,2017.0,3.0,5542128.0
N201309308119,1.0,1.0,2015,4,8.0,2018.0,1.0,1090000.0
N201310038419,17.0,17.0,2017,3,4.0,2018.0,4.0,5300000.0
N201310048548,190.0,190.0,2013,4,14.0,2017.0,3.0,3000000.0
N201310169408,2.0,2.0,2016,1,8.0,2018.0,2.0,805300.0
N201310219817,1.0,1.0,2016,2,7.0,2018.0,2.0,525000.0
N201310229949,1.0,1.0,2014,2,12.0,2017.0,3.0,100000.0
N201310280433,550.0,550.0,2013,4,16.0,2018.0,1.0,3000000.0
N201310310802,2.0,1.0,2015,1,10.0,2017.0,4.0,232000.0
N201310310847,3.0,3.0,2015,4,8.0,2018.0,1.0,500000.0
N201311041054,16.0,16.0,2015,2,10.0,2018.0,1.0,3600000.0
N201311061273,135.0,3.0,2015,3,11.0,2018.0,3.0,9000000.0
N201311152082,418.0,418.0,2013,4,15.0,2017.0,4.0,400000.0
N201311152095,440.0,440.0,2013,4,15.0,2017.0,4.0,400000.0
N201311192313,2.0,1.0,2015,3,9.0,2018.0,1.0,600000.0
N201311202410,115.0,115.0,2015,2,10.0,2018.0,1.0,35000000.0
N201311222590,1.0,1.0,2014,4,10.0,2017.0,3.0,267000.0
N201311222657,109.0,109.0,2016,4,6.0,2018.0,3.0,41000000.0
N201311262888,37.0,37.0,2014,2,12.0,2017.0,3.0,200000.0
N201312033256,103.0,103.0,2015,4,8.0,2018.0,1.0,39000000.0
N201312043311,1.0,1.0,2014,4,10.0,2017.0,3.0,838295.0
N201312043354,24.0,3.0,2016,3,7.0,2018.0,3.0,280161.0
N201312093685,29.0,29.0,2015,1,10.0,2017.0,4.0,13000000.0
N201312093691,94.0,94.0,2015,1,10.0,2017.0,4.0,30000000.0
N201312134205,1.0,1.0,2015,2,9.0,2017.0,4.0,622000.0
N201312174396,1.0,1.0,2017,1,6.0,2018.0,4.0,807346.0
N201312174400,162.0,162.0,2014,2,13.0,2017.0,4.0,100000.0
N201312204747,169.0,169.0,2015,4,6.0,2017.0,3.0,210000000.0
N201312234814,2.0,1.0,2014,3,11.0,2017.0,3.0,120000.0
N201312244989,60.0,60.0,2014,4,10.0,2017.0,3.0,10000000.0
N201312244992,51.0,51.0,2014,4,10.0,2017.0,3.0,12000000.0
N201312265013,2.0,1.0,2014,4,10.0,2017.0,3.0,375000.0
N201312265039,1.0,1.0,2015,3,9.0,2018.0,1.0,820000.0
N201312305280,1.0,1.0,2017,1,6.0,2018.0,4.0,682137.0
N201312305300,2.0,1.0,2015,1,10.0,2017.0,4.0,170000.0
N201401065589,9.0,1.0,2015,2,10.0,2018.0,1.0,800000.0
N201401065657,7.0,7.0,2017,3,4.0,2018.0,4.0,2670000.0
N201401226863,1.0,1.0,2015,3,9.0,2018.0,1.0,736000.0
N201401277177,1.0,1.0,2016,3,6.0,2018.0,2.0,795000.0
N201401287293,1.0,1.0,2015,1,10.0,2017.0,4.0,1100000.0
N201401307462,1.0,1.0,2016,3,6.0,2018.0,2.0,495000.0
N201401307472,2.0,2.0,2015,4,8.0,2018.0,1.0,1114926.0
N201401317498,2.0,2.0,2014,2,12.0,2017.0,3.0,1.0
N201401317503,1.0,1.0,2014,2,12.0,2017.0,3.0,1.0
N201401317504,2.0,2.0,2014,2,12.0,2017.0,3.0,3000.0
N201402047761,56.0,56.0,2014,4,10.0,2017.0,3.0,30000000.0
N201402078043,3.0,2.0,2016,4,6.0,2018.0,3.0,725000.0
N201402138456,2.0,1.0,2015,1,10.0,2017.0,4.0,172800.0
N201402198846,8.0,4.0,2016,3,7.0,2018.0,3.0,1102000.0
N201402208968,1.0,1.0,2014,4,10.0,2017.0,3.0,599561.0
N201402219025,2.0,2.0,2015,2,10.0,2018.0,1.0,1.0
N201402219037,5.0,5.0,2016,3,6.0,2018.0,2.0,2890000.0
N201402259238,1.0,1.0,2016,3,6.0,2018.0,2.0,807600.0
N201402269324,2.0,2.0,2017,2,5.0,2018.0,4.0,762000.0
N201402269327,1.0,1.0,2016,3,6.0,2018.0,2.0,765000.0
N201402269328,2.0,2.0,2016,4,6.0,2018.0,3.0,724700.0
N201402269329,2.0,2.0,2017,2,5.0,2018.0,4.0,775000.0
N201402269330,1.0,1.0,2016,3,6.0,2018.0,2.0,703900.0
N201402269331,2.0,2.0,2017,2,5.0,2018.0,4.0,1030000.0
N201402269332,2.0,2.0,2016,3,6.0,2018.0,2.0,707000.0
N201402269385,182.0,182.0,2014,3,12.0,2017.0,4.0,1.0
N201403100318,1.0,1.0,2014,3,11.0,2017.0,3.0,3000.0
N201403100320,2.0,2.0,2014,3,11.0,2017.0,3.0,3000.0
N201403100361,20.0,20.0,2017,3,4.0,2018.0,4.0,10125604.0
N201403120536,208.0,208.0,2014,3,12.0,2017.0,4.0,800000.0
N201403170852,3.0,1.0,2016,1,8.0,2018.0,2.0,90000.0
N201403191158,1.0,1.0,2017,1,6.0,2018.0,4.0,425000.0
N201403191190,2.0,1.0,2016,1,8.0,2018.0,2.0,93000.0
N201403211380,1.0,1.0,2017,1,6.0,2018.0,4.0,692000.0
N201403271852,39.0,39.0,2014,3,11.0,2017.0,3.0,330000.0
N201403271860,10.0,2.0,2015,1,10.0,2017.0,4.0,110000.0
N201404012185,1.0,1.0,2016,1,8.0,2018.0,2.0,523000.0
N201404012202,20.0,20.0,2016,2,7.0,2018.0,2.0,800000.0
N201404113014,63.0,63.0,2014,4,11.0,2017.0,4.0,23000.0
N201404143170,1.0,1.0,2015,3,9.0,2018.0,1.0,3500000.0
N201404173443,3.0,2.0,2017,2,5.0,2018.0,4.0,1100000.0
N201404183603,2.0,1.0,2016,4,6.0,2018.0,3.0,645782.0
N201404223881,14.0,14.0,2016,3,7.0,2018.0,3.0,4000000.0
N201404294518,1.0,1.0,2015,2,9.0,2017.0,4.0,550000.0
N201404304602,2.0,1.0,2016,4,6.0,2018.0,3.0,250000.0
N201405054911,69.0,69.0,2016,2,7.0,2018.0,2.0,21000000.0
N201405064989,1.0,1.0,2015,3,9.0,2018.0,1.0,227000.0
N201405155805,1.0,1.0,2014,4,10.0,2017.0,3.0,380800.0
N201405155814,2.0,2.0,2015,1,10.0,2017.0,4.0,800320.0
N201405155866,3.0,2.0,2016,2,7.0,2018.0,2.0,855000.0
N201405286908,90.0,90.0,2016,3,7.0,2018.0,3.0,27000000.0
N201405296982,1.0,1.0,2016,2,7.0,2018.0,2.0,697500.0
N201405307085,15.0,15.0,2016,4,6.0,2018.0,3.0,1645000.0
N201406037375,1.0,1.0,2015,1,10.0,2017.0,4.0,902110.0
N201406067695,3.0,3.0,2017,2,5.0,2018.0,4.0,1800000.0
N201406067701,2.0,1.0,2016,3,7.0,2018.0,3.0,195000.0
N201406067734,2.0,1.0,2015,3,9.0,2018.0,1.0,150000.0
N201406107968,3.0,1.0,2016,4,6.0,2018.0,3.0,20000.0
N201406108024,160.0,160.0,2016,4,6.0,2018.0,3.0,52500000.0
N201406138343,2.0,1.0,2014,3,11.0,2017.0,3.0,48000.0
N201406138394,431.0,431.0,2016,2,9.0,2018.0,4.0,108000000.0
N201406178580,1.0,1.0,2017,3,4.0,2018.0,4.0,300200.0
N201406178592,361.0,6.0,2014,4,16.0,2019.0,1.0,900000.0
N201406178645,105.0,105.0,2014,3,12.0,2017.0,4.0,3000.0
N201406239109,194.0,194.0,2017,3,5.0,2019.0,1.0,50000000.0
N201406249199,85.0,85.0,2015,2,10.0,2018.0,1.0,6409725.117345871
N201406249203,3.0,3.0,2017,2,5.0,2018.0,4.0,500000.0
N201406249274,4.0,1.0,2015,1,10.0,2017.0,4.0,54700.0
N201406249298,39.0,39.0,2015,2,9.0,2017.0,4.0,17237620.0
N201406259383,326.0,326.0,2015,4,8.0,2018.0,1.0,115000000.0
N201406259481,390.0,390.0,2016,4,5.0,2018.0,2.0,195723000.0
N201406269523,83.0,83.0,2015,3,9.0,2018.0,1.0,30000000.0
N201406269542,53.0,53.0,2017,1,6.0,2018.0,4.0,6000000.0
N201406269575,27.0,27.0,2016,2,7.0,2018.0,2.0,15000000.0
N201406269581,2.0,2.0,2015,4,8.0,2018.0,1.0,1450000.0
N201406279737,72.0,72.0,2015,3,9.0,2018.0,1.0,26000000.0
N201406279799,1.0,1.0,2016,1,8.0,2018.0,2.0,525000.0
N201406279810,1.0,1.0,2016,1,8.0,2018.0,2.0,525000.0
N201406279813,1.0,1.0,2017,2,5.0,2018.0,4.0,1473360.0
N201406279814,93.0,93.0,2015,2,10.0,2018.0,1.0,32903228.0
N201406300106,2.0,1.0,2016,4,6.0,2018.0,3.0,300000.0
N201407010196,2.0,1.0,2017,1,6.0,2018.0,4.0,300000.0
N201407030471,3.0,2.0,2016,3,6.0,2018.0,2.0,750000.0
N201407090811,3.0,3.0,2017,2,5.0,2018.0,4.0,1500000.0
N201407100857,2.0,2.0,2014,3,11.0,2017.0,3.0,1.0
N201407100858,1.0,1.0,2014,3,11.0,2017.0,3.0,1.0
N201407111074,1.0,1.0,2016,2,7.0,2018.0,2.0,1000230.0
N201407181635,1.0,1.0,2017,1,6.0,2018.0,4.0,800000.0
N201407221872,2.0,2.0,2016,1,8.0,2018.0,2.0,472000.0
N201407242130,1.0,1.0,2016,2,7.0,2018.0,2.0,1170000.0
N201407252175,2.0,1.0,2015,1,10.0,2017.0,4.0,12700.0
N201407252206,4.0,4.0,2016,3,6.0,2018.0,2.0,1518640.0
N201407252234,21.0,21.0,2016,1,8.0,2018.0,2.0,864500.0
N201407252240,21.0,21.0,2016,1,8.0,2018.0,2.0,125000.0
N201407282307,3.0,2.0,2014,4,10.0,2017.0,3.0,43083.0
N201407292390,2.0,1.0,2017,1,6.0,2018.0,4.0,19000.0
N201407292392,2.0,1.0,2015,3,9.0,2018.0,1.0,10000.0
N201407302503,1.0,1.0,2017,2,5.0,2018.0,4.0,650000.0
N201407302522,2.0,2.0,2015,4,8.0,2018.0,1.0,600000.0
N201407312605,2.0,1.0,2017,2,5.0,2018.0,4.0,269760.0
N201408012798,7.0,1.0,2015,3,9.0,2018.0,1.0,60000.0
N201408063115,51.0,51.0,2015,1,11.0,2018.0,1.0,730000.0
N201408063132,2.0,1.0,2017,2,5.0,2018.0,4.0,17160.0
N201408123634,1.0,1.0,2014,4,10.0,2017.0,3.0,21897.5
N201408123674,1.0,1.0,2016,4,6.0,2018.0,3.0,953600.0
N201408123679,1.0,1.0,2016,4,6.0,2018.0,3.0,851200.0
N201408133730,2.0,2.0,2017,1,6.0,2018.0,4.0,1105350.0
N201408133766,152.0,152.0,2015,3,9.0,2018.0,1.0,50000000.0
N201408133775,198.0,198.0,2015,3,9.0,2018.0,1.0,86000000.0
N201408184086,2.0,1.0,2015,2,10.0,2018.0,1.0,35000.0
N201408204325,182.0,182.0,2015,4,9.0,2018.0,2.0,10000.0
N201409095796,2.0,1.0,2016,1,8.0,2018.0,2.0,240000.0
N201409106016,42.0,10.0,2016,4,6.0,2018.0,3.0,250000.0
N201409106021,45.0,9.0,2016,4,6.0,2018.0,3.0,225000.0
N201409106022,42.0,8.0,2016,4,6.0,2018.0,3.0,200000.0
N201409106023,26.0,4.0,2016,4,6.0,2018.0,3.0,100000.0
N201409116048,408.0,408.0,2014,3,14.0,2018.0,2.0,284000.0
N201409116069,1.0,1.0,2014,4,10.0,2017.0,3.0,39743.73
N201409116118,203.0,203.0,2015,4,9.0,2018.0,2.0,14000000.0
N201409156303,2.0,2.0,2016,3,6.0,2018.0,2.0,1568500.0
N201409297547,2.0,1.0,2015,2,10.0,2018.0,1.0,15000.0
N201410017815,155.0,17.0,2015,2,12.0,2018.0,3.0,7522697.0
N201410027946,2.0,1.0,2016,1,8.0,2018.0,2.0,328300.0
N201410108646,6.0,6.0,2016,3,6.0,2018.0,2.0,1600000.0
N201410158900,1.0,1.0,2016,4,6.0,2018.0,3.0,1065088.0
N201410159002,2.0,1.0,2016,1,8.0,2018.0,2.0,780000.0
N201410169094,1.0,1.0,2016,4,6.0,2018.0,3.0,172850.0
N201410169154,5.0,5.0,2016,2,7.0,2018.0,2.0,1750000.0
N201410179280,6.0,6.0,2016,1,8.0,2018.0,2.0,3500000.0
N201410219535,2.0,1.0,2017,1,6.0,2018.0,4.0,155000.0
N201410229595,1.0,1.0,2016,2,7.0,2018.0,2.0,116700.0
N201410229656,4.0,1.0,2015,3,9.0,2018.0,1.0,24000.0
N201410239774,3.0,1.0,2016,3,7.0,2018.0,3.0,300000.0
N201410280037,1.0,1.0,2016,4,6.0,2018.0,3.0,750000.0
N201410300350,2.0,1.0,2015,3,9.0,2018.0,1.0,5000.0
N201411030494,1.0,1.0,2016,1,8.0,2018.0,2.0,550000.0
N201411040616,1.0,1.0,2016,2,7.0,2018.0,2.0,980000.0
N201411040618,2.0,1.0,2017,2,5.0,2018.0,4.0,60000.0
N201411050758,2.0,1.0,2015,2,10.0,2018.0,1.0,60000.0
N201411101145,112.0,112.0,2015,4,8.0,2018.0,1.0,17450000.0
N201411121226,7.0,1.0,2015,1,10.0,2017.0,4.0,144000.0
N201411191947,1.0,1.0,2016,3,6.0,2018.0,2.0,687500.0
N201411212273,2.0,1.0,2015,4,8.0,2018.0,1.0,260000.0
N201411242420,3.0,1.0,2016,2,7.0,2018.0,2.0,500000.0
N201411252470,3.0,1.0,2017,1,6.0,2018.0,4.0,684185.0
N201411262650,132.0,132.0,2015,1,11.0,2018.0,1.0,10000.0
N201412012684,1.0,1.0,2016,1,8.0,2018.0,2.0,575000.0
N201412012693,1.0,1.0,2016,3,6.0,2018.0,2.0,570000.0
N201412053170,29.0,8.0,2015,4,8.0,2018.0,1.0,7000000.0
N201412053180,36.0,36.0,2015,2,10.0,2018.0,1.0,2700000.0
N201412053181,36.0,36.0,2015,2,10.0,2018.0,1.0,2000000.0
N201412083275,2.0,1.0,2016,3,7.0,2018.0,3.0,70000.0
N201412083289,17.0,1.0,2015,2,10.0,2018.0,1.0,45000.0
N201412083314,2.0,1.0,2015,4,8.0,2018.0,1.0,12500.0
N201412103468,4.0,1.0,2016,4,6.0,2018.0,3.0,170000.0
N201412113579,3.0,3.0,2017,4,3.0,2018.0,4.0,1500000.0
N201412113580,1.0,1.0,2016,4,6.0,2018.0,3.0,498485.0
N201412123641,2.0,1.0,2016,3,6.0,2018.0,2.0,615000.0
N201412123652,2.0,2.0,2016,2,7.0,2018.0,2.0,1674408.0
N201412123652,2.0,2.0,2017,1,6.0,2018.0,4.0,1674408.0
N201412123685,2.0,1.0,2017,3,4.0,2018.0,4.0,30000.0
N201412163783,5.0,5.0,2016,1,8.0,2018.0,2.0,2500000.0
N201412163796,10.0,10.0,2015,3,9.0,2018.0,1.0,4400000.0
N201412163800,18.0,18.0,2015,3,9.0,2018.0,1.0,7000000.0
N201412163803,8.0,8.0,2015,3,9.0,2018.0,1.0,3500000.0
N201412163806,11.0,11.0,2015,3,9.0,2018.0,1.0,5000000.0
N201412173954,60.0,24.0,2016,1,9.0,2018.0,3.0,1950000.0
N201412184039,320.0,320.0,2015,2,12.0,2018.0,3.0,158000.0
N201412184051,2.0,2.0,2016,4,6.0,2018.0,3.0,1418000.0
N201412194135,31.0,31.0,2015,2,10.0,2018.0,1.0,2000000.0
N201412194190,1.0,1.0,2016,2,7.0,2018.0,2.0,670000.0
N201412234391,1.0,1.0,2017,1,6.0,2018.0,4.0,610000.0
N201412234394,1.0,1.0,2017,1,6.0,2018.0,4.0,504000.0
N201412234418,546.0,546.0,2015,4,8.0,2018.0,1.0,207680000.0
N201501065025,2.0,1.0,2015,4,8.0,2018.0,1.0,1.0
N201501065055,55.0,4.0,2015,3,10.0,2018.0,2.0,50000.0
N201501065060,61.0,1.0,2015,4,9.0,2018.0,2.0,50000.0
N201501085203,9.0,5.0,2016,1,8.0,2018.0,2.0,2500000.0
N201501125418,2.0,1.0,2016,1,8.0,2018.0,2.0,300000.0
N201501165971,2.0,1.0,2017,3,4.0,2018.0,4.0,15000.0
N201501216261,2.0,2.0,2015,1,10.0,2017.0,4.0,1.0
N201501236565,122.0,122.0,2015,4,8.0,2018.0,1.0,39000000.0
N201501297021,1.0,1.0,2017,1,6.0,2018.0,4.0,770000.0
N201501307061,2.0,1.0,2015,4,8.0,2018.0,1.0,17000.0
N201502027279,2.0,1.0,2016,3,7.0,2018.0,3.0,220000.0
N201502037359,2.0,1.0,2015,4,8.0,2018.0,1.0,5000.0
N201502107933,2.0,1.0,2016,2,7.0,2018.0,2.0,690000.0
N201502128193,5.0,1.0,2016,2,7.0,2018.0,2.0,320000.0
N201502128255,60.0,60.0,2015,1,11.0,2018.0,1.0,1.0
N201502128257,2.0,1.0,2017,2,5.0,2018.0,4.0,15550.0
N201502138349,4.0,4.0,2017,2,5.0,2018.0,4.0,1500000.0
N201502178455,3.0,1.0,2017,1,6.0,2018.0,4.0,460000.0
N201502188607,4.0,2.0,2017,3,4.0,2018.0,4.0,350000.0
N201502188620,8.0,2.0,2016,4,6.0,2018.0,3.0,825000.0
N201502198744,1.0,1.0,2016,4,6.0,2018.0,3.0,963000.0
N201502239095,1.0,1.0,2015,2,9.0,2017.0,4.0,225000.0
N201502249220,3.0,2.0,2017,1,6.0,2018.0,4.0,950000.0
N201502259272,7.0,1.0,2015,3,9.0,2018.0,1.0,140000.0
N201502269406,8.0,8.0,2016,4,6.0,2018.0,3.0,3200000.0
N201503049884,2.0,2.0,2016,2,7.0,2018.0,2.0,1050000.0
N201503060214,2.0,1.0,2017,2,5.0,2018.0,4.0,200000.0
N201503110506,545.0,545.0,2016,1,9.0,2018.0,3.0,189838000.0
N201503120626,2.0,1.0,2016,1,8.0,2018.0,2.0,106000.0
N201503130811,3.0,3.0,2017,2,5.0,2018.0,4.0,1960300.0
N201503130825,4.0,4.0,2015,2,10.0,2018.0,1.0,565000.0
N201503160972,2.0,1.0,2016,2,7.0,2018.0,2.0,60000.0
N201503160999,3.0,2.0,2016,4,6.0,2018.0,3.0,876200.0
N201503181250,152.0,152.0,2015,3,10.0,2018.0,2.0,3986666.0
N201503181252,198.0,198.0,2015,3,10.0,2018.0,2.0,6446086.0
N201503191293,4.0,1.0,2017,1,6.0,2018.0,4.0,40000.0
N201503191389,2.0,1.0,2016,2,7.0,2018.0,2.0,178000.0
N201503201461,2.0,2.0,2017,1,6.0,2018.0,4.0,1000000.0
N201503312342,2.0,1.0,2017,2,5.0,2018.0,4.0,42500.0
N201504012497,1.0,1.0,2015,4,8.0,2018.0,1.0,10000.0
N201504022691,3.0,1.0,2016,2,7.0,2018.0,2.0,80000.0
N201504032736,2.0,1.0,2016,1,8.0,2018.0,2.0,22200.0
N201504032832,13.0,1.0,2017,2,5.0,2018.0,4.0,80000.0
N201504062845,2.0,1.0,2016,3,7.0,2018.0,3.0,137016.0
N201504072954,2.0,1.0,2015,4,8.0,2018.0,1.0,150000.0
N201504093208,2.0,2.0,2015,3,9.0,2018.0,1.0,800320.0
N201504093240,35.0,35.0,2016,3,7.0,2018.0,3.0,6000000.0
N201504103363,4.0,3.0,2016,2,7.0,2018.0,2.0,506000.0
N201504143537,50.0,50.0,2015,4,8.0,2018.0,1.0,692973.68
N201504214225,2.0,1.0,2015,4,8.0,2018.0,1.0,303500.0
N201504244517,2.0,1.0,2015,4,8.0,2018.0,1.0,310000.0
N201504244599,2.0,1.0,2015,3,9.0,2018.0,1.0,20000.0
N201505015120,2.0,2.0,2016,4,6.0,2018.0,3.0,35171.64
N201505015125,2.0,2.0,2016,4,6.0,2018.0,3.0,54309.15
N201505065510,434.0,434.0,2015,3,12.0,2018.0,4.0,150000.0
N201505085843,13.0,1.0,2015,4,8.0,2018.0,1.0,60000.0
N201505115914,2.0,1.0,2015,4,8.0,2018.0,1.0,3200000.0
N201505126076,1.0,1.0,2017,1,6.0,2018.0,4.0,600000.0
N201505126084,1.0,1.0,2017,1,6.0,2018.0,4.0,700000.0
N201505136185,4.0,1.0,2016,2,7.0,2018.0,2.0,12000.0
N201505136197,2.0,1.0,2017,3,4.0,2018.0,4.0,20000.0
N201505136221,3.0,1.0,2016,4,6.0,2018.0,3.0,60000.0
N201505136226,3.0,1.0,2017,1,6.0,2018.0,4.0,60000.0
N201505146298,6.0,1.0,2017,2,5.0,2018.0,4.0,65000.0
N201505227018,37.0,1.0,2016,1,9.0,2018.0,3.0,75000.0
N201505227051,3.0,3.0,2016,3,6.0,2018.0,2.0,4750000.0
N201505277278,4.0,4.0,2017,1,6.0,2018.0,4.0,1665000.0
N201505287372,2.0,1.0,2016,1,8.0,2018.0,2.0,50000.0
N201505287452,7.0,2.0,2016,1,8.0,2018.0,2.0,600000.0
N201505297474,5.0,3.0,2016,4,6.0,2018.0,3.0,500000.0
N201505297549,16.0,16.0,2017,3,4.0,2018.0,4.0,3654425.0
N201505297566,3.0,3.0,2016,3,6.0,2018.0,2.0,1600000.0
N201506027757,2.0,1.0,2017,2,5.0,2018.0,4.0,600000.0
N201506037942,2.0,1.0,2016,1,8.0,2018.0,2.0,111423.0
N201506058279,98.0,98.0,2015,4,9.0,2018.0,2.0,25000.0
N201506098466,1.0,1.0,2015,4,8.0,2018.0,1.0,380800.0
N201506108643,263.0,263.0,2015,3,11.0,2018.0,3.0,1.0
N201506128826,2.0,2.0,2015,3,9.0,2018.0,1.0,36000.0
N201506158982,56.0,56.0,2015,3,9.0,2018.0,1.0,687000.0
N201506179222,4.0,1.0,2016,2,7.0,2018.0,2.0,200000.0
N201506179226,2.0,1.0,2016,1,8.0,2018.0,2.0,10000.0
N201506199483,2.0,1.0,2015,4,8.0,2018.0,1.0,95550.0
N201506229587,1.0,1.0,2016,4,6.0,2018.0,3.0,850000.0
N201506239703,14.0,4.0,2016,4,6.0,2018.0,3.0,650000.0
N201506249730,1.0,1.0,2017,3,4.0,2018.0,4.0,520000.0
N201506259899,2.0,1.0,2016,2,7.0,2018.0,2.0,15000.0
N201506259933,3.0,1.0,2016,4,6.0,2018.0,3.0,244887.7
N201506300363,14.0,1.0,2016,3,7.0,2018.0,3.0,75000.0
N201507010431,3.0,1.0,2017,2,5.0,2018.0,4.0,1134000.0
N201507060668,79.0,79.0,2016,2,7.0,2018.0,2.0,25000000.0
N201507060676,5.0,1.0,2017,2,5.0,2018.0,4.0,550000.0
N201507060723,2.0,1.0,2017,3,4.0,2018.0,4.0,500000.0
N201507070780,1.0,1.0,2015,3,9.0,2018.0,1.0,1.0
N201507080931,13.0,2.0,2017,3,4.0,2018.0,4.0,400000.0
N201507091106,5.0,1.0,2017,1,6.0,2018.0,4.0,80000.0
N201507101227,3.0,1.0,2016,1,8.0,2018.0,2.0,150600.0
N201507131253,2.0,1.0,2016,3,6.0,2018.0,2.0,600000.0
N201507141485,59.0,59.0,2017,2,5.0,2018.0,4.0,22800000.0
N201507141495,52.0,52.0,2016,2,7.0,2018.0,2.0,14888000.0
N201507161644,37.0,37.0,2016,2,7.0,2018.0,2.0,11466000.0
N201507232246,1.0,1.0,2017,2,5.0,2018.0,4.0,1200000.0
N201507272485,143.0,143.0,2016,1,8.0,2018.0,2.0,48657306.0
N201507302906,17.0,1.0,2016,2,8.0,2018.0,3.0,150000.0
N201507313053,2.0,1.0,2016,4,6.0,2018.0,3.0,600000.0
N201508033162,9.0,1.0,2015,3,9.0,2018.0,1.0,1.0
N201508063607,20.0,20.0,2017,1,6.0,2018.0,4.0,4075000.0
N201508073658,2.0,1.0,2016,1,8.0,2018.0,2.0,80000.0
N201508073699,13.0,1.0,2016,2,7.0,2018.0,2.0,125000.0
N201508124039,1.0,1.0,2016,4,6.0,2018.0,3.0,90000.0
N201508124040,12.0,3.0,2016,1,8.0,2018.0,2.0,438800.0
N201508134164,2.0,1.0,2016,2,7.0,2018.0,2.0,35575.0
N201508134190,33.0,33.0,2016,3,6.0,2018.0,2.0,21300000.0
N201508144364,1.0,1.0,2017,3,4.0,2018.0,4.0,887000.0
N201508184575,1.0,1.0,2016,4,6.0,2018.0,3.0,2500000.0
N201508204876,39.0,39.0,2016,1,8.0,2018.0,2.0,250000.0
N201508214923,3.0,1.0,2016,4,6.0,2018.0,3.0,190000.0
N201508215004,2.0,1.0,2017,1,6.0,2018.0,4.0,695000.0
N201508245076,14.0,2.0,2016,4,6.0,2018.0,3.0,200000.0
N201508265383,42.0,42.0,2016,3,7.0,2018.0,3.0,8300000.0
N201508275422,2.0,1.0,2017,2,5.0,2018.0,4.0,50000.0
N201508315729,3.0,1.0,2017,1,6.0,2018.0,4.0,500000.0
N201508315738,3.0,1.0,2016,1,8.0,2018.0,2.0,17000.0
N201509086386,1.0,1.0,2017,2,5.0,2018.0,4.0,187046.0
N201509217541,9.0,2.0,2016,3,7.0,2018.0,3.0,200000.0
N201509227704,2.0,1.0,2016,4,6.0,2018.0,3.0,74000.0
N201509227707,250.0,250.0,2016,4,6.0,2018.0,3.0,63874478.0
N201509237776,9.0,1.0,2016,4,6.0,2018.0,3.0,86000.0
N201510018577,6.0,1.0,2016,3,7.0,2018.0,3.0,75000.0
N201510028709,2.0,1.0,2016,2,7.0,2018.0,2.0,80000.0
N201510089265,41.0,41.0,2016,1,8.0,2018.0,2.0,200000.0
N201510099393,3.0,1.0,2016,3,7.0,2018.0,3.0,65000.0
N201510149589,50.0,50.0,2015,4,8.0,2018.0,1.0,150000.0
N201510149629,2.0,1.0,2016,4,6.0,2018.0,3.0,73519.0
N201510159839,2.0,1.0,2016,2,7.0,2018.0,2.0,50000.0
N201510169925,10.0,2.0,2016,4,6.0,2018.0,3.0,179550.0
N201510200259,33.0,3.0,2016,3,7.0,2018.0,3.0,300000.0
N201510200295,6.0,6.0,2016,3,6.0,2018.0,2.0,1800000.0
N201510210359,198.0,198.0,2015,4,9.0,2018.0,2.0,70000.0
N201510210362,152.0,152.0,2015,4,9.0,2018.0,2.0,60000.0
N201510210391,2.0,1.0,2016,2,7.0,2018.0,2.0,325000.0
N201510220538,4.0,1.0,2017,3,4.0,2018.0,4.0,15000.0
N201510230679,4.0,2.0,2017,3,4.0,2018.0,4.0,1406444.0
N201510230698,1.0,1.0,2016,4,6.0,2018.0,3.0,425000.0
N201510270841,2.0,1.0,2016,4,6.0,2018.0,3.0,12000.0
N201510270858,15.0,1.0,2016,3,7.0,2018.0,3.0,72000.0
N201510270960,213.0,1.0,2017,2,9.0,2019.0,4.0,248500.0
N201510301302,156.0,156.0,2017,1,2.0,2017.0,4.0,270000000.0
N201510301303,109.0,109.0,2017,3,-4.0,2016.0,4.0,520000000.0
N201510301346,14.0,2.0,2016,3,7.0,2018.0,3.0,250000.0
N201510301352,208.0,208.0,2016,1,10.0,2018.0,4.0,5000.0
N201511021443,127.0,127.0,2016,4,6.0,2018.0,3.0,30251721.0
N201511031542,3.0,1.0,2016,4,6.0,2018.0,3.0,756000.0
N201511051836,676.0,14.0,2016,3,18.0,2021.0,2.0,1475000.0
N201511061992,31.0,2.0,2016,4,6.0,2018.0,3.0,40000.0
N201511061998,41.0,41.0,2015,4,8.0,2018.0,1.0,6500.0
N201511122419,2.0,1.0,2016,1,8.0,2018.0,2.0,70000.0
N201511162762,23.0,2.0,2017,2,5.0,2018.0,4.0,220000.0
N201511182971,15.0,15.0,2016,2,7.0,2018.0,2.0,760000.0
N201511203195,2.0,1.0,2017,2,5.0,2018.0,4.0,25120.0
N201511203265,501.0,501.0,2016,4,6.0,2018.0,3.0,177300000.0
N201511203266,2.0,1.0,2016,2,7.0,2018.0,2.0,50000.0
N201512013897,14.0,2.0,2016,3,7.0,2018.0,3.0,90000.0
N201512044204,10.0,1.0,2016,4,6.0,2018.0,3.0,100000.0
N201512074335,8.0,2.0,2016,4,6.0,2018.0,3.0,750000.0
N201512094574,3.0,3.0,2017,3,4.0,2018.0,4.0,900000.0
N201512114877,7.0,1.0,2017,1,6.0,2018.0,4.0,80000.0
N201512114902,2.0,1.0,2017,2,5.0,2018.0,4.0,101700.0
N201512114904,3.0,1.0,2017,1,6.0,2018.0,4.0,50000.0
N201512144945,3.0,3.0,2017,3,4.0,2018.0,4.0,1681612.0
N201512145010,1.0,1.0,2016,4,6.0,2018.0,3.0,498485.0
N201512145027,1.0,1.0,2016,4,6.0,2018.0,3.0,498458.0
N201512145035,1.0,1.0,2016,4,6.0,2018.0,3.0,498485.0
N201512145054,256.0,256.0,2017,2,5.0,2018.0,4.0,110000000.0
N201512175338,434.0,434.0,2016,3,9.0,2019.0,1.0,5700000.0
N201512185487,1.0,1.0,2016,4,6.0,2018.0,3.0,768870.0
N201512185513,4.0,1.0,2017,1,6.0,2018.0,4.0,600000.0
N201512185553,130.0,14.0,2016,3,8.0,2018.0,4.0,1200000.0
N201512185561,9.0,2.0,2016,4,6.0,2018.0,3.0,100000.0
N201512215657,2.0,2.0,2017,3,4.0,2018.0,4.0,650000.0
N201512215664,3.0,1.0,2016,4,6.0,2018.0,3.0,683000.0
N201512225698,3.0,1.0,2016,3,7.0,2018.0,3.0,160800.0
N201512235806,2.0,1.0,2016,3,7.0,2018.0,3.0,200000.0
N201512235830,28.0,28.0,2016,4,6.0,2018.0,3.0,10500000.0
N201512235842,7.0,2.0,2016,3,7.0,2018.0,3.0,680000.0
N201512235846,100.0,100.0,2016,2,8.0,2018.0,3.0,1000.0
N201512235882,2.0,1.0,2017,3,4.0,2018.0,4.0,13100.0
N201512245923,2.0,1.0,2017,1,6.0,2018.0,4.0,284000.0
N201512296032,320.0,320.0,2016,1,10.0,2018.0,4.0,2000.0
N201512306130,2.0,1.0,2017,1,6.0,2018.0,4.0,82400.0
N201512306178,3.0,2.0,2016,1,8.0,2018.0,2.0,18795.0
N201601076586,3.0,1.0,2017,2,5.0,2018.0,4.0,491154.0
N201601086638,7.0,1.0,2016,4,6.0,2018.0,3.0,99600.0
N201601086723,3.0,1.0,2016,4,6.0,2018.0,3.0,167384.0
N201601116825,5.0,1.0,2017,3,4.0,2018.0,4.0,100000.0
N201601147151,3.0,1.0,2016,3,7.0,2018.0,3.0,81752.0
N201601197398,15.0,1.0,2016,4,6.0,2018.0,3.0,87000.0
N201601227749,2.0,1.0,2017,1,6.0,2018.0,4.0,490000.0
N201601227793,2.0,1.0,2016,3,7.0,2018.0,3.0,14280.0
N201601227796,3.0,1.0,2016,3,7.0,2018.0,3.0,60915.0
N201601227801,3.0,1.0,2016,3,7.0,2018.0,3.0,50000.0
N201601227805,3.0,1.0,2017,1,6.0,2018.0,4.0,62000.0
N201601227807,3.0,1.0,2017,1,6.0,2018.0,4.0,10000.0
N201601288224,2.0,1.0,2017,2,5.0,2018.0,4.0,119745.0
N201601288233,48.0,1.0,2017,2,6.0,2019.0,1.0,47000.0
N201601288264,3.0,1.0,2017,3,4.0,2018.0,4.0,556744.0
N201602018430,2.0,1.0,2017,1,6.0,2018.0,4.0,975000.0
N201602018478,13.0,1.0,2017,2,5.0,2018.0,4.0,80000.0
N201602018544,3.0,1.0,2017,3,4.0,2018.0,4.0,15000.0
N201602038772,15.0,3.0,2017,2,5.0,2018.0,4.0,500000.0
N201602099105,7.0,1.0,2017,2,5.0,2018.0,4.0,80000.0
N201602099107,4.0,1.0,2017,1,6.0,2018.0,4.0,80000.0
N201602109217,2.0,1.0,2017,1,6.0,2018.0,4.0,181000.0
N201602129550,13.0,13.0,2016,4,6.0,2018.0,3.0,4154500.0
N201602129564,12.0,1.0,2017,2,5.0,2018.0,4.0,175537.0
N201602129567,44.0,44.0,2017,2,5.0,2018.0,4.0,16200000.0
N201602129574,13.0,1.0,2016,4,6.0,2018.0,3.0,137000.0
N201602169672,11.0,2.0,2017,2,5.0,2018.0,4.0,301500.0
N201602179763,102.0,102.0,2017,2,6.0,2019.0,1.0,6000000.0
N201602179793,2.0,2.0,2017,1,6.0,2018.0,4.0,60000.0
N201602179815,40.0,40.0,2017,2,5.0,2018.0,4.0,11300000.0
N201602179822,113.0,113.0,2017,1,6.0,2018.0,4.0,46000000.0
N201602189860,17.0,5.0,2017,1,6.0,2018.0,4.0,150000.0
N201602189872,3.0,1.0,2016,3,7.0,2018.0,3.0,86000.0
N201602190043,11.0,1.0,2017,1,6.0,2018.0,4.0,90000.0
N201602220182,6.0,6.0,2016,3,6.0,2018.0,2.0,2405000.0
N201602230301,79.0,79.0,2016,3,7.0,2018.0,3.0,10000000.0
N201602240424,2.0,1.0,2016,3,7.0,2018.0,3.0,67850.0
N201602250572,4.0,2.0,2017,3,4.0,2018.0,4.0,129380.0
N201602260604,7.0,1.0,2017,2,5.0,2018.0,4.0,80000.0
N201603010833,2.0,1.0,2017,1,6.0,2018.0,4.0,93000.0
N201603010904,154.0,154.0,2016,3,7.0,2018.0,3.0,50000000.0
N201603031058,145.0,145.0,2016,3,7.0,2018.0,3.0,40000000.0
N201603041266,2.0,1.0,2016,3,7.0,2018.0,3.0,67092.0
N201603071309,3.0,1.0,2017,3,4.0,2018.0,4.0,970760.0
N201603071401,3.0,1.0,2017,1,6.0,2018.0,4.0,75000.0
N201603081424,2.0,1.0,2017,2,5.0,2018.0,4.0,10000.0
N201603081451,3.0,3.0,2016,4,6.0,2018.0,3.0,1625000.0
N201603081496,225.0,7.0,2016,4,9.0,2019.0,2.0,2670000.0
N201603081509,1.0,1.0,2017,1,6.0,2018.0,4.0,810000.0
N201603141910,208.0,208.0,2016,2,9.0,2018.0,4.0,5000.0
N201603141927,3.0,2.0,2016,3,7.0,2018.0,3.0,85000.0
N201603141951,16.0,16.0,2017,3,4.0,2018.0,4.0,5000000.0
N201603141960,34.0,34.0,2017,3,4.0,2018.0,4.0,9900000.0
N201603141992,2.0,1.0,2017,3,4.0,2018.0,4.0,25000.0
N201603152080,198.0,198.0,2016,4,6.0,2018.0,3.0,67000000.0
N201603162175,7.0,1.0,2016,4,6.0,2018.0,3.0,87800.0
N201603162239,4.0,4.0,2016,3,6.0,2018.0,2.0,1768000.0
N201603162267,7.0,1.0,2016,3,7.0,2018.0,3.0,65000.0
N201603172392,72.0,72.0,2016,4,6.0,2018.0,3.0,21800000.0
N201603182471,3.0,3.0,2017,3,4.0,2018.0,4.0,1900000.0
N201603212637,7.0,2.0,2016,4,6.0,2018.0,3.0,204000.0
N201603222793,5.0,1.0,2016,3,7.0,2018.0,3.0,178000.0
N201603232865,7.0,1.0,2017,3,4.0,2018.0,4.0,100000.0
N201603242991,31.0,3.0,2017,2,6.0,2019.0,1.0,150000.0
N201603253159,15.0,3.0,2017,1,6.0,2018.0,4.0,278586.0
N201603283243,11.0,1.0,2017,2,5.0,2018.0,4.0,200000.0
N201603303454,12.0,2.0,2017,2,5.0,2018.0,4.0,120000.0
N201604013681,120.0,120.0,2017,4,2.0,2018.0,3.0,146916000.0
N201604053922,2.0,1.0,2017,3,4.0,2018.0,4.0,66000.0
N201604064070,1.0,1.0,2017,4,3.0,2018.0,4.0,680000.0
N201604064083,1.0,1.0,2016,4,6.0,2018.0,3.0,29956.92
N201604064141,8.0,1.0,2017,4,4.0,2019.0,1.0,100000.0
N201604074232,7.0,1.0,2017,3,4.0,2018.0,4.0,100000.0
N201604074236,9.0,3.0,2017,1,6.0,2018.0,4.0,250000.0
N201604084285,2.0,1.0,2017,1,6.0,2018.0,4.0,35000.0
N201604084287,2.0,1.0,2016,4,6.0,2018.0,3.0,18000.0
N201604114413,1.0,1.0,2017,3,4.0,2018.0,4.0,689800.0
N201604114417,1.0,1.0,2017,3,4.0,2018.0,4.0,660100.0
N201604124545,4.0,1.0,2016,4,6.0,2018.0,3.0,18000.0
N201604124546,2.0,1.0,2017,3,4.0,2018.0,4.0,500000.0
N201604134639,56.0,56.0,2016,3,7.0,2018.0,3.0,999999.0
N201604134664,2.0,2.0,2016,4,6.0,2018.0,3.0,2000000.0
N201604154845,2.0,1.0,2017,2,5.0,2018.0,4.0,320000.0
N201604154912,3.0,1.0,2017,2,5.0,2018.0,4.0,72000.0
N201604185057,61.0,61.0,2017,1,6.0,2018.0,4.0,1.0
N201604205279,10.0,1.0,2017,1,6.0,2018.0,4.0,105000.0
N201604205295,4.0,1.0,2017,2,5.0,2018.0,4.0,180000.0
N201604215342,24.0,1.0,2017,2,5.0,2018.0,4.0,69000.0
N201604215372,320.0,320.0,2017,1,8.0,2019.0,2.0,1.0
N201604285990,40.0,40.0,2017,3,4.0,2018.0,4.0,9187800.0
N201604286003,3.0,1.0,2017,1,6.0,2018.0,4.0,26580.0
N201605036381,3.0,1.0,2017,3,4.0,2018.0,4.0,40000.0
N201605036406,7.0,1.0,2017,2,5.0,2018.0,4.0,92000.0
N201605036456,4.0,1.0,2017,1,6.0,2018.0,4.0,52000.0
N201605046478,1.0,1.0,2016,3,6.0,2018.0,2.0,437900.0
N201605046495,118.0,118.0,2017,1,6.0,2018.0,4.0,43500000.0
N201605056664,2.0,1.0,2017,3,4.0,2018.0,4.0,149350.0
N201605066751,108.0,108.0,2016,4,6.0,2018.0,3.0,35000000.0
N201605107044,85.0,85.0,2017,2,6.0,2019.0,1.0,20000.0
N201605117147,24.0,6.0,2017,2,5.0,2018.0,4.0,592875.0
N201605127267,230.0,230.0,2016,4,7.0,2018.0,4.0,34788000.0
N201605127269,3.0,1.0,2017,2,5.0,2018.0,4.0,29500.0
N201605127294,15.0,1.0,2016,3,7.0,2018.0,3.0,90000.0
N201605127316,7.0,1.0,2017,1,6.0,2018.0,4.0,10000.0
N201605127335,41.0,41.0,2016,2,8.0,2018.0,3.0,20000.0
N201605137452,8.0,2.0,2017,2,5.0,2018.0,4.0,350000.0
N201605167544,13.0,1.0,2016,4,6.0,2018.0,3.0,100000.0
N201605177637,2.0,1.0,2017,3,4.0,2018.0,4.0,857300.0
N201605177694,408.0,408.0,2016,2,10.0,2019.0,1.0,5000.0
N201605177696,3.0,1.0,2017,1,6.0,2018.0,4.0,50000.0
N201605238133,15.0,3.0,2017,4,4.0,2019.0,1.0,130000.0
N201605238169,22.0,5.0,2017,2,5.0,2018.0,4.0,200000.0
N201605258278,25.0,1.0,2017,2,5.0,2018.0,4.0,131310.0
N201605258283,14.0,2.0,2017,1,6.0,2018.0,4.0,141189.0
N201605258334,3.0,1.0,2017,2,5.0,2018.0,4.0,1000.0
N201605268499,8.0,2.0,2017,4,4.0,2019.0,1.0,102000.0
N201605278673,8.0,2.0,2017,3,4.0,2018.0,4.0,250000.0
N201606018897,35.0,2.0,2017,4,4.0,2019.0,1.0,175000.0
N201606069165,2.0,1.0,2017,2,5.0,2018.0,4.0,25000.0
N201606150021,2.0,1.0,2017,2,5.0,2018.0,4.0,211000.0
N201606170322,2.0,1.0,2016,4,6.0,2018.0,3.0,56000.0
N201606170332,1.0,1.0,2017,1,6.0,2018.0,4.0,83000.0
N201606200387,550.0,550.0,2017,4,1.0,2018.0,2.0,400000000.0
N201606200415,2.0,1.0,2017,2,5.0,2018.0,4.0,400000.0
N201606270934,3.0,1.0,2017,2,5.0,2018.0,4.0,95000.0
N201606270996,49.0,49.0,2016,3,7.0,2018.0,3.0,350000.0
N201606281077,30.0,30.0,2017,1,6.0,2018.0,4.0,13000000.0
N201607051512,3.0,1.0,2017,2,5.0,2018.0,4.0,220000.0
N201607061649,3.0,1.0,2017,2,5.0,2018.0,4.0,95000.0
N201607071817,13.0,1.0,2017,3,4.0,2018.0,4.0,75000.0
N201607081832,4.0,1.0,2016,3,7.0,2018.0,3.0,65000.0
N201607081921,8.0,2.0,2017,3,4.0,2018.0,4.0,225000.0
N201607111977,6.0,1.0,2017,3,4.0,2018.0,4.0,68000.0
N201607122077,2.0,1.0,2017,4,3.0,2018.0,4.0,165000.0
N201607142358,3.0,1.0,2017,2,5.0,2018.0,4.0,70000.0
N201607142411,1.0,1.0,2017,1,6.0,2018.0,4.0,63850.0
N201607152444,7.0,1.0,2017,1,6.0,2018.0,4.0,1.0
N201607182596,8.0,2.0,2017,3,4.0,2018.0,4.0,284000.0
N201607182650,5.0,1.0,2017,2,5.0,2018.0,4.0,85000.0
N201607192730,60.0,60.0,2016,4,6.0,2018.0,3.0,17303000.0
N201607253262,136.0,136.0,2017,3,5.0,2019.0,1.0,32000000.0
N201607273501,2.0,2.0,2017,3,4.0,2018.0,4.0,797100.0
N201607273504,2.0,1.0,2017,4,3.0,2018.0,4.0,283000.0
N201607273507,10.0,1.0,2017,2,5.0,2018.0,4.0,55000.0
N201607273516,2.0,1.0,2017,4,3.0,2018.0,4.0,37000.0
N201607273531,100.0,100.0,2017,3,5.0,2019.0,1.0,150000.0
N201608054342,7.0,1.0,2017,2,5.0,2018.0,4.0,60000.0
N201608054348,2.0,1.0,2017,1,6.0,2018.0,4.0,10000.0
N201608054349,31.0,4.0,2017,3,5.0,2019.0,1.0,150000.0
N201608054354,6.0,1.0,2017,3,4.0,2018.0,4.0,40000.0
N201608094564,172.0,172.0,2016,4,7.0,2018.0,4.0,460895.4
N201608094585,5.0,2.0,2016,3,7.0,2018.0,3.0,113000.0
N201608094608,12.0,3.0,2017,3,4.0,2018.0,4.0,180000.0
N201608114784,8.0,2.0,2017,2,5.0,2018.0,4.0,220000.0
N201608154972,3.0,1.0,2017,4,4.0,2019.0,1.0,180000.0
N201608155030,94.0,18.0,2017,1,7.0,2019.0,1.0,1200000.0
N201608165091,1.0,1.0,2017,1,6.0,2018.0,4.0,382565.0
N201608195497,2.0,1.0,2016,4,6.0,2018.0,3.0,35000.0
N201608195545,94.0,94.0,2017,2,5.0,2018.0,4.0,33000000.0
N201608225711,3.0,1.0,2017,1,6.0,2018.0,4.0,30000.0
N201608266145,3.0,1.0,2017,4,4.0,2019.0,1.0,200000.0
N201608296231,139.0,139.0,2017,2,6.0,2019.0,1.0,1.0
N201608296272,31.0,31.0,2017,1,6.0,2018.0,4.0,14000000.0
N201608316527,3.0,1.0,2017,1,6.0,2018.0,4.0,1000.0
N201609016554,2.0,1.0,2017,3,4.0,2018.0,4.0,36000.0
N201609016561,19.0,2.0,2017,3,5.0,2019.0,1.0,150000.0
N201609016584,16.0,1.0,2017,2,5.0,2018.0,4.0,58556.0
N201609016639,2.0,1.0,2016,4,6.0,2018.0,3.0,30000.0
N201609097350,5.0,1.0,2017,2,5.0,2018.0,4.0,41000.0
N201609127387,2.0,1.0,2016,4,6.0,2018.0,3.0,478000.0
N201609137558,9.0,3.0,2017,3,4.0,2018.0,4.0,150000.0
N201609137608,13.0,1.0,2017,2,5.0,2018.0,4.0,175000.0
N201609228561,3.0,1.0,2017,2,5.0,2018.0,4.0,80000.0
N201609238681,2.0,2.0,2016,4,6.0,2018.0,3.0,24500.0
N201609238682,3.0,1.0,2017,3,4.0,2018.0,4.0,30000.0
N201609238735,2.0,1.0,2017,1,6.0,2018.0,4.0,60000.0
N201609268810,2.0,1.0,2017,3,4.0,2018.0,4.0,54000.0
N201609278929,8.0,2.0,2017,4,4.0,2019.0,1.0,150000.0
N201609278931,3.0,1.0,2017,2,5.0,2018.0,4.0,100000.0
N201610039432,2.0,1.0,2017,3,4.0,2018.0,4.0,178160.0
N201610130163,1.0,1.0,2017,4,3.0,2018.0,4.0,80000.0
N201610130185,3.0,1.0,2017,3,4.0,2018.0,4.0,150000.0
N201610140331,27.0,6.0,2017,3,5.0,2019.0,1.0,440000.0
N201610140347,11.0,3.0,2017,3,4.0,2018.0,4.0,152000.0
N201610180594,22.0,2.0,2017,3,5.0,2019.0,1.0,159000.0
N201610200809,431.0,431.0,2016,4,9.0,2019.0,2.0,100000.0
N201610210880,13.0,1.0,2017,2,5.0,2018.0,4.0,21000.0
N201610241023,70.0,70.0,2017,1,6.0,2018.0,4.0,60000.0
N201610261176,17.0,1.0,2017,3,5.0,2019.0,1.0,126000.0
N201610311468,2.0,1.0,2017,2,5.0,2018.0,4.0,55000.0
N201610311558,13.0,1.0,2017,3,4.0,2018.0,4.0,368712.0
N201611021779,8.0,1.0,2017,2,5.0,2018.0,4.0,57000.0
N201611041949,4.0,3.0,2017,4,3.0,2018.0,4.0,1607000.0
N201611082228,2.0,1.0,2017,3,4.0,2018.0,4.0,120000.0
N201611152753,1.0,1.0,2017,4,3.0,2018.0,4.0,850000.0
N201611172995,8.0,1.0,2017,4,4.0,2019.0,1.0,150000.0
N201611223349,28.0,28.0,2016,4,6.0,2018.0,3.0,1.0
N201611223350,49.0,49.0,2017,1,6.0,2018.0,4.0,1.0
N201611223380,2.0,1.0,2017,4,3.0,2018.0,4.0,430000.0
N201611293687,1.0,1.0,2017,2,5.0,2018.0,4.0,47000.0
N201611303725,3.0,3.0,2017,1,6.0,2018.0,4.0,100000.0
N201612024018,2.0,1.0,2017,2,5.0,2018.0,4.0,56000.0
N201612084415,7.0,1.0,2017,2,5.0,2018.0,4.0,51500.0
N201612094554,83.0,83.0,2017,1,6.0,2018.0,4.0,50000.0
N201612094556,2.0,1.0,2017,3,4.0,2018.0,4.0,250000.0
N201612134768,14.0,2.0,2017,2,5.0,2018.0,4.0,111820.0
N201612144936,3.0,1.0,2017,3,4.0,2018.0,4.0,850000.0
N201612144941,2.0,1.0,2017,4,3.0,2018.0,4.0,92800.0
N201612165230,2.0,1.0,2017,2,5.0,2018.0,4.0,83000.0
N201612215523,119.0,119.0,2017,2,5.0,2018.0,4.0,45000000.0
N201612215531,56.0,1.0,2017,3,5.0,2019.0,1.0,85500.0
N201612275907,10.0,1.0,2017,3,4.0,2018.0,4.0,5000.0
N201612306302,2.0,1.0,2017,3,4.0,2018.0,4.0,40000.0
N201612306316,7.0,1.0,2017,2,5.0,2018.0,4.0,80000.0
N201612306332,2.0,1.0,2017,3,4.0,2018.0,4.0,118500.0
N201612306333,2.0,1.0,2017,3,4.0,2018.0,4.0,70000.0
N201701046469,69.0,69.0,2017,1,6.0,2018.0,4.0,100000.0
N201701056576,2.0,1.0,2017,3,4.0,2018.0,4.0,130000.0
N201701066618,2.0,1.0,2017,2,5.0,2018.0,4.0,400000.0
N201701187362,1.0,1.0,2017,1,6.0,2018.0,4.0,30000.0
N201701247758,434.0,434.0,2017,1,9.0,2019.0,3.0,250000.0
N201701247772,5.0,1.0,2017,3,4.0,2018.0,4.0,87132.0
N201701267990,2.0,1.0,2017,3,4.0,2018.0,4.0,90000.0
N201702078811,1.0,1.0,2017,4,3.0,2018.0,4.0,800000.0
N201702139269,3.0,2.0,2017,1,6.0,2018.0,4.0,65000.0
N201702179635,3.0,1.0,2017,2,5.0,2018.0,4.0,11500.0
N201702280294,52.0,52.0,2017,1,6.0,2018.0,4.0,521607.0
N201702280331,104.0,104.0,2017,4,4.0,2019.0,1.0,17893508.0
N201703060737,2.0,1.0,2017,2,5.0,2018.0,4.0,8100.0
N201703070813,1.0,1.0,2017,1,6.0,2018.0,4.0,26460.0
N201703070870,2.0,1.0,2017,3,4.0,2018.0,4.0,47320.0
N201703171746,93.0,93.0,2017,4,4.0,2019.0,1.0,10000.0
N201703171793,10.0,1.0,2017,3,4.0,2018.0,4.0,45000.0
N201703232170,403.0,403.0,2017,3,7.0,2019.0,3.0,1.0
N201703302804,2.0,1.0,2017,3,4.0,2018.0,4.0,77000.0
N201703312961,83.0,83.0,2017,3,5.0,2019.0,1.0,590000.0
N201704113742,2.0,2.0,2017,2,5.0,2018.0,4.0,100000.0
N201704264920,2.0,1.0,2017,3,4.0,2018.0,4.0,21000.0
N201704285232,1.0,1.0,2017,3,4.0,2018.0,4.0,30000.0
N201704285234,169.0,169.0,2017,3,5.0,2019.0,1.0,1.0
N201704285242,9.0,3.0,2017,4,4.0,2019.0,1.0,444000.0
N201705025455,172.0,172.0,2017,3,5.0,2019.0,1.0,40000000.0
N201705055803,108.0,108.0,2017,3,5.0,2019.0,1.0,375000.0
N201705085945,2.0,1.0,2017,3,4.0,2018.0,4.0,34000.0
N201705106286,61.0,61.0,2017,3,5.0,2019.0,1.0,35000.0
N201705116305,85.0,85.0,2017,2,6.0,2019.0,1.0,16400.0
N201705116353,198.0,198.0,2017,3,6.0,2019.0,2.0,1500000.0
N201705176834,20.0,20.0,2017,3,4.0,2018.0,4.0,40000.0
N201705176895,1.0,1.0,2017,2,5.0,2018.0,4.0,43300.0
N201705176900,1.0,1.0,2017,2,5.0,2018.0,4.0,61900.0
N201705176901,1.0,1.0,2017,2,5.0,2018.0,4.0,68100.0
N201705176902,1.0,1.0,2017,2,5.0,2018.0,4.0,37200.0
N201705187023,37.0,37.0,2017,3,5.0,2019.0,1.0,467000.0
N201705257627,230.0,230.0,2017,3,6.0,2019.0,2.0,1.0
N201706028246,136.0,136.0,2017,3,5.0,2019.0,1.0,900000.0
N201706219968,160.0,160.0,2017,3,5.0,2019.0,1.0,160000.0
N201706300792,113.0,113.0,2017,3,5.0,2019.0,1.0,520000.0
N201707131860,546.0,546.0,2017,4,7.0,2019.0,4.0,1.0
N201707202439,49.0,49.0,2017,3,5.0,2019.0,1.0,5000.0
N201707202450,501.0,501.0,2017,3,8.0,2019.0,4.0,12760000.0
N201708104457,113.0,113.0,2017,3,5.0,2019.0,1.0,1.0
N201708185215,113.0,113.0,2017,4,4.0,2019.0,1.0,50000.0
N201708306488,2.0,1.0,2017,3,4.0,2018.0,4.0,1000.0
N201708316569,3.0,1.0,2017,4,4.0,2019.0,1.0,100000.0
N9902954S,1.0,1.0,2004,1,35.0,2013.0,1.0,128000.0
N9913300S,51.0,51.0,2004,2,34.0,2013.0,1.0,11000000.0
