PERMIT_ID,UNITS,NET_UNITS,AFF_UNITS,NET_AFF_UNITS,NAMEADDR,APN,BESTSTAT,BESTDATE
N201510230679,4,2,0,0,930 BAKER ST,0280017,PL APPROVED,2016-08-17
N201109144613,16,16,0,0,802-808 STEINER ST,0798055,PL APPROVED,2016-03-24
N201509156948,3,1,0,0,1211 SCOTT ST,1127003,BP FILED,2015-09-15
N201312315375,2,2,0,0,1212 EGBERT AV,4909003,BP FILED,2013-12-31
N201505146405,3,1,0,0,1221 14TH AV,1736061,CONSTRUCTION,2016-06-14
N201506189331,2,1,0,0,1225 ATHENS ST,6447040,BP ISSUED,2015-12-14
N200703307744,3,3,0,0,1225 DOLORES ST,6534029,BP ISSUED,2015-04-03
N201509258131,24,24,0,0,1228 FOLSOM ST / 723-725 CLEMENTINA,3729011,BP FILED,2015-09-25
N201609299193,135,135,0,0,1200 VAN NESS AV,0691005,BP FILED,2016-09-26
N201312234917,300,300,34,34,1201 - 1225 TENNESSEE ST,4172022,CONSTRUCTION,2016-09-29
N200605111391,2,2,0,0,1208 15TH AV,1736033,CONSTRUCTION,2014-06-06
N201510260810,299,299,0,0,1208 JUNIPERO SERRA BL,7326001,BP FILED,2015-10-26
N201608094585,5,2,0,0,1210 UTAH ST,4212002,BP ISSUED,2016-09-02
N201511021410,2,1,0,0,123 YUKON ST,2716037,BP FILED,2015-11-02
N201507313053,2,1,0,0,1230 21ST AV,1730037,BP FILED,2015-07-31
N200810224855,1,1,0,0,1230 TWIN PEAKS BL,2821022,BP APPROVED,2010-05-26
N201507091099,4,4,0,0,1234 GRANT AV,0145044,BP FILED,2015-07-09
N201402078043,3,2,0,0,1236 19TH AV,1732037,BP APPROVED,2016-09-07
N201405236581,3,2,0,0,1236 ARGUELLO BL,1265019,BP REINSTATED,2016-05-23
N201510099392,2,2,0,0,1238 45TH AV,1706037,BP FILED,2015-10-09
N201511203280,2,1,0,0,1290 SHAFTER AV,4787012A,BP FILED,2015-11-20
N201404012185,1,1,0,0,457 WALLER ST,0867031,BP ISSUED,2016-01-19
N201410108662,9,9,0,0,1298 FITZGERALD AV,4913011,BP FILED,2014-10-10
N201406067752,155,130,34,9,1298 HOWARD ST,3728019,BP FILED,2014-06-06
N201303212751,1,1,0,0,13 LUCKY ST,6521004,BP FILED,2013-03-21
N201507272485,143,143,0,0,1300 04TH ST,8711021,BP ISSUED,2016-01-22
N201603031058,145,145,0,0,1601 - 1677 MARIPOSA ST / 485 CAROLINA (BLDG 1 OF 2),4006006,BP ISSUED,2016-09-12
N201603010904,154,154,0,0,1601 - 1677 MARIPOSA ST / 485 CAROLINA (BLDG 2 OF 2),4005001B,BP ISSUED,2016-09-19
N200412171712,27,27,0,0,1601 LARKIN ST,0620006,CONSTRUCTION,2016-09-20
N201304094098,2,1,0,0,208 GIRARD ST,5980003,BP FILED,2013-04-09
N201506249835,2,1,0,0,2082 BANCROFT AV,5403035,CONSTRUCTION,2015-11-05
N201112090432,1,1,0,0,209 PRENTISS ST,5654023,BP ISSUED,2015-03-19
N201507171867,18,18,0,0,2092 03RD ST / 600 18TH ST,3995007,BP FILED,2014-09-30
N201506229594,1,1,0,0,21 JOY ST,5577006,BP FILED,2015-06-22
N201604043819,1,1,0,0,21 LAIDLEY ST,6651014,BP FILED,2016-04-04
N201009171084,1,1,0,0,21 MOUNTAIN SPRING AV,2709065,CONSTRUCTION,2016-09-19
N201510028709,2,1,0,0,210 FREDERICK ST,1254019,BP ISSUED,2016-04-14
N201607192730,60,60,7,7,2100 MARKET ST,3542041,BP FILED,2016-07-19
N201406239172,29,29,0,0,2100 MISSION ST,3576001,PL FILED,2016-03-25
N201311222660,77,77,0,0,2101 & 2155 WEBSTER ST,0629037,CONSTRUCTION,2016-08-22
N201007146550,2,2,0,0,2115 TARAVAL ST,2394046,BP ISSUED,2012-12-31
N201510159839,2,1,0,0,2123 30TH AV,2187001E,BP ISSUED,2016-06-20
N201607192776,3,1,0,0,454 CAPITOL AV,7104024,BP FILED,2016-07-19
N201206253387,2,1,0,0,4546 19TH ST,2700012,CONSTRUCTION,2016-03-25
N201510230640,248,248,0,0,455 SERRANO DR,7335001,BP FILED,2015-10-23
N201108112225,1,1,0,0,457 TEHAMA ST,3732087,BP REINSTATED,2013-08-05
N201601147151,3,1,0,0,458 12TH AV,1533029,BP ISSUED,2016-09-16
N201506259894,10,1,0,0,460 14TH ST,3533021,BP FILED,2015-06-25
N201507161644,37,37,4,4,1238 SUTTER ST,0670011,BP ISSUED,2016-05-09
N201404163343,2,1,0,0,1239 21ST AV,1729007,BP FILED,2014-04-16
N201605207974,7,5,0,0,124 - 126 HAIGHT ST,0852044,BP FILED,2016-05-20
N201512144945,3,3,0,0,1244 LARKIN ST,0278010,BP FILED,2015-12-14
N201411212188,2,1,0,0,1246 38TH AV,1713036,BP FILED,2014-11-21
N201306149565,20,20,0,0,1255- 1275 COLUMBUS AV,0028014,BP ISSUED,2014-04-22
N201604205221,2,1,0,0,1255 BAY ST,0473017,BP FILED,2016-04-20
N201304295719,2,1,0,0,1259 21ST AV,1729012,CONSTRUCTION,2016-02-17
N201512235842,7,2,0,0,126 LAGUNA ST,0856013,BP ISSUED,2016-09-29
N201609218436,3,1,0,0,1264 17TH AV,1734025,BP FILED,2016-09-21
N201408295126,2,1,0,0,1267 NOE ST,6553024,CONSTRUCTION,2016-04-21
N201412194190,1,1,0,0,127 23RD AV,1383004,BP ISSUED,2016-06-30
N201208076803,4,4,0,0,127 BUCHANAN ST,0869007,BP FILED,2012-08-07
N201405296982,1,1,0,0,127 EDGEHILL WY,2933007,BP ISSUED,2016-05-11
N201512155191,3,1,0,0,1270 FITZGERALD AV,4913010,BP FILED,2015-12-15
N201310169408,2,2,0,0,1271 19TH AV,1731015,BP ISSUED,2016-02-01
N201510099393,3,1,0,0,1273 24TH AV,1726015,BP ISSUED,2016-07-18
N201503039869,3,1,0,0,1274 HAMPSHIRE ST,4266012,BP FILED,2015-03-03
N201502198775,35,35,0,0,1278 - 1298 VALENCIA ST,3644021,BP FILED,2015-02-19
N200909237457,1,1,0,0,128 ELSIE ST,5618011,BP ISSUED,2015-05-22
N201505085804,2,1,0,0,1507 DIAMOND ST,6604026,BP FILED,2015-05-08
N201506199453,1,1,0,0,1301 TURK ST,0756018,BP ISSUED,2016-04-20
N201310119147,3,1,0,0,1302 YORK ST,4274001,CONSTRUCTION,2015-08-25
N201503251826,3,1,0,0,1308 04TH AV,1758046,BP FILED,2015-03-25
N201505136221,3,1,0,0,1407 29TH AV,1824001A,BP APPROVED,2016-09-06
N201306199977,9,9,0,0,131 MISSOURI ST,3985024,CONSTRUCTION,2016-08-04
N201607273516,2,1,0,0,1315 14TH AV,1769004,BP FILED,2016-07-27
N201510210391,2,1,0,0,1318 COLE ST,1286024,CONSTRUCTION,2016-07-07
N201407312605,2,1,0,0,1318 HAMPSHIRE ST,4275001A,BP APPROVED,2015-01-12
N201409186681,2,1,0,0,1321 19TH AV,1774006,BP FILED,2014-09-18
N200804038738,3,2,0,0,1321 DE HARO ST,4218036,BP ISSUED,2016-03-17
N201104113839,2,1,0,0,1322 47TH AV,1801040,BP ISSUED,2014-05-07
N201605177611,1,1,0,0,1327 COLUMBUS AV,0024020,BP FILED,2016-05-17
N201206041789,2,1,0,0,1411 CHURCH ST,6566027,BP FILED,2012-06-04
N201504012491,2,1,0,0,1330 HAMPSHIRE ST,4275003,CONSTRUCTION,2016-06-29
N201507131253,2,1,0,0,1331 SAN BRUNO AV,4262020A,BP ISSUED,2016-08-08
N201505085803,3,1,0,0,1333 42ND AV,1797006,CONSTRUCTION,2016-09-14
N201505065520,3,1,0,0,1335 05TH AV,1760009,BP FILED,2015-05-06
N201606018887,3,2,0,0,137 CLAYTON ST,1194006,BP FILED,2016-06-01
N201406269542,67,67,0,0,1335 FOLSOM ST,3519063,BP FILED,2014-06-26
N201403100361,20,20,0,0,1335 LARKIN ST,0645003,PL FILED,2014-07-23
N201009271690,8,4,0,0,1338 FILBERT ST,0524031,BP ISSUED,2011-01-31
N201512114904,3,1,0,0,1339 FRANCISCO ST,0480013,BP FILED,2015-12-11
N201511303726,2,1,0,0,1342 YORK ST,4274005,BP FILED,2015-11-30
N201409267403,2,1,0,0,300 FOERSTER ST,3116023,BP FILED,2014-09-26
N201508033190,3,1,0,0,1349 TARAVAL ST,2402034,BP FILED,2015-08-03
N201306038460,5,5,0,0,135 WETMORE ST,0212031,BP ISSUED,2015-11-19
N201512155196,3,1,0,0,1351 REVERE AV,4788020A,BP FILED,2015-12-15
N201504224304,2,1,0,0,1354 27TH AV,1781033,BP ISSUED,2016-07-21
N201508063611,3,1,0,0,1355 JACKSON ST,0187036,BP FILED,2015-08-06
N201009080449,4,4,0,0,136 PIXLEY ST,0516028A,CONSTRUCTION,2013-01-29
N201508194769,68,68,0,0,1394 HARRISON ST,3519017,BP FILED,2015-08-19
N200504281137,1,1,0,0,136 SOUTH PARK ST,3775063,BP ISSUED,2015-06-19
N201408123674,1,1,0,0,1364 PACIFIC AV,0155020,BP APPROVED,2016-06-29
N201504032736,2,1,0,0,1366 09TH AV,1763027,BP ISSUED,2016-01-08
N201604185001,2,1,0,0,1369 29TH AV,1784001O,BP FILED,2016-04-18
N201408123679,1,1,0,0,1370 PACIFIC AV,0155021,BP APPROVED,2016-06-10
N201603041252,30,3,0,0,1372 PINE ST,0250008,PL APPROVED,2016-09-20
N201309308119,1,1,0,0,1375 EVANS AV,5237013,BP ISSUED,2015-10-05
N201407010196,2,1,0,0,1419 FUNSTON AV,1840002,BP FILED,2014-07-01
N201606149938,2,1,0,0,1379 KANSAS ST,4260014,BP FILED,2016-06-14
N201511233357,2,2,0,0,1380 REVERE AV,4761039,BP FILED,2015-11-23
N201504224361,2,1,0,0,139 SWEENY ST,5879040,BP FILED,2015-04-22
N201312204680,1,1,0,0,2251 GREENWICH ST,0515031,BP REINSTATED,2015-07-08
N201512145054,256,256,0,0,1395 22ND ST,4167011,BP FILED,2015-12-14
N201511203191,2,1,0,0,1395 SHAFTER AV,4791025,BP FILED,2015-11-20
N201606230730,3,1,0,0,1396 REVERE AV,4761036,BP FILED,2016-06-23
N201512235882,2,1,0,0,2433 23RD AV,2402002C,BP FILED,2015-12-23
N201309197251,2,1,0,0,1433 48TH AV,1805006,CONSTRUCTION,2016-09-16
N201605318777,47,47,6,6,1433 BUSH ST,0670024,PL APPROVED,2016-08-09
N201410239774,3,1,0,0,144 LEXINGTON ST,3589091,BP ISSUED,2016-09-19
N201608094577,3,1,0,0,1441 SOUTH VAN NESS AV,6526021,BP FILED,2016-08-09
N201301288928,2,1,0,0,1443 12TH AV,1841007,BP FILED,2013-01-28
N201603232845,2,1,0,0,1447 OAKDALE AV,5324020,BP FILED,2016-03-23
N200502115374,13,7,0,0,1448 PINE ST,0645028,BP FILED,2016-08-01
N201306280738,23,23,0,0,1450 15TH ST,3549064,CONSTRUCTION,2016-09-20
N200809252660,69,69,9,9,1450 FRANKLIN ST,0671006,CONSTRUCTION,2016-08-25
N201604285888,4,2,0,0,1450 UNION ST,0526014,BP FILED,2016-04-28
N201302250862,3,1,0,0,1451 MARIPOSA ST,4004034,CONSTRUCTION,2016-08-02
N201510169913,3,1,0,0,1453 18TH AV,1835010,CONSTRUCTION,2016-08-31
N201608316527,3,1,0,0,1456 08TH AV,1846033,BP FILED,2016-08-31
N201608054293,2,1,0,0,148 FELTON ST,5926017,BP FILED,2016-08-05
N201405276744,8,8,0,0,1458 BROADWAY,0572013,BP FILED,2014-05-27
N201512215664,3,1,0,0,1460 PAGE ST,1222014,BP APPROVED,2016-05-27
N201409297547,2,1,0,0,1507 33RD AV,1879001A,BP ISSUED,2015-05-15
N201404223881,14,14,2,2,1463 LOMBARD ST,0503021,BP ISSUED,2016-07-25
N201512114902,2,1,0,0,1465 REVERE AV,4789014,BP FILED,2015-12-11
N201608054307,3,1,0,0,1466 11TH AV,1843029,BP FILED,2016-08-05
N201602230257,2,1,0,0,1466 PALOU AV,5324010,BP FILED,2016-02-23
N201210313210,9,9,0,0,1469 PACIFIC AV,0185029,PL FILED,2013-07-10
N201302150317,3,3,0,0,1470 MCALLISTER ST,0776035,CONSTRUCTION,2016-06-15
N201309126610,2,1,0,0,1474 48TH AV,1806019A,BP ISSUED,2015-03-12
N200810315636,15,15,0,0,1490 OCEAN AV,3197010,CONSTRUCTION,2016-08-01
N201004029551,2,1,0,0,1491 FUNSTON AV,1840015,BP FILED,2010-04-02
N201601126880,13,13,0,0,15 - 23 GRACE ST,3509024,BP REINSTATED,2016-01-19
N201604134664,2,1,0,0,15 GUY PL,3749012,BP FILED,2016-04-13
N201506229593,1,1,0,0,15 JOY ST,5577005,BP FILED,2015-06-22
N201609167950,1,1,0,0,150 BRONTE ST,5698009,BP FILED,2016-09-16
N201508174387,4,4,0,0,150 EUREKA ST,2692007,BP FILED,2015-08-17
N201406138394,431,431,50,50,150 VAN NESS AV,0814001,BP ISSUED,2016-05-23
N201601076586,3,1,0,0,1500 INNES AV,5259034,BP FILED,2016-01-07
N201511303685,10,1,0,0,1500 MCALLISTER ST,1155005,BP FILED,2015-11-30
N201411262632,3,2,0,0,151 BERNARD ST,0156015A,BP ISSUED,2015-12-18
N201409196840,2,1,0,0,1510 YORK ST,5514002,BP FILED,2014-09-19
N201407090780,2,2,0,0,1513 YORK ST,5513011,BP FILED,2014-07-09
N200806043667,2,2,0,0,347 CRESCENT AV,5744075,BP ISSUED,2015-01-28
N201512175343,2,1,0,0,1514 25TH AV,1870023,BP ISSUED,2016-09-29
N201504305084,3,1,0,0,1518 19TH AV,1864001N,BP FILED,2015-04-30
N201607011432,7,7,0,0,1523 FRANKLIN ST,0665005,BP FILED,2016-07-01
N201410148838,3,3,0,0,1524 OCEAN AV,3196006,BP REINSTATED,2015-03-30
N201312305280,1,1,0,0,1525 SHOTWELL ST,5545019,BP APPROVED,2016-06-14
N201504305082,2,1,0,0,1526 22ND AV,1867036,BP FILED,2015-04-30
N201603222793,5,1,0,0,1528 15TH ST,3548021,BP ISSUED,2016-09-23
N201308285446,2,2,0,0,153 ARKANSAS ST,3983014,BP FILED,2013-08-28
N201609016554,2,1,0,0,1531 06TH AV,1852006,BP FILED,2016-09-01
N201509086337,2,1,0,0,1531 44TH AV,1890005,CONSTRUCTION,2016-07-21
N201607253262,136,136,22,22,1532 HARRISON ST,3521056,BP FILED,2016-07-25
N201405307085,15,15,0,0,1532 HOWARD ST,3511015,BP FILED,2014-05-30
N201409106031,9,8,0,0,1532 OCEAN AV,3196028,BP FILED,2014-09-10
N201512094574,2,2,0,0,1545 CLEMENT ST,1448038,BP FILED,2015-12-09
N201312033256,107,107,12,12,1545 PINE ST,0667016,CONSTRUCTION,2016-09-28
N201311222657,110,110,13,13,1546 - 1564 MARKET ST,0836007,BP FILED,2013-11-22
N201607202864,2,1,0,0,1550 DIAMOND ST,6605001,BP FILED,2016-07-20
N201601116825,5,2,0,0,1551  FRANKLIN ST,0665002,PL FILED,2016-07-06
N201312305292,1,1,0,0,1551 SHOTWELL ST,5545017,BP FILED,2013-12-30
N201505146319,2,1,0,0,1555 23RD AV,1869011,BP APPROVED,2016-05-25
N201506199431,3,1,0,0,1555 FRANCISCO ST,0482030,CONSTRUCTION,2016-07-13
N201410159002,2,1,0,0,1560 DOLORES ST,6618003,BP ISSUED,2016-03-08
N201606149976,2,1,0,0,1583 OAKDALE AV,5323016B,BP FILED,2016-06-14
N201608044167,4,4,0,0,159 & 161 CHARTER OAK AV,5377070,PL FILED,2016-03-15
N201608044162,3,3,0,0,159 CHARTER OAK AV,5377071,BP FILED,2016-08-04
N201603071401,3,1,0,0,1615 OAKDALE AV,5322047,BP FILED,2016-03-07
N201502249184,3,1,0,0,1594 GOLDEN GATE AV,0753010,CONSTRUCTION,2016-04-08
N201512235830,28,28,0,0,1598 BAY ST,0459007,PL APPROVED,2016-04-06
N201602220209,3,1,0,0,1599 DOLORES ST,6617018,BP FILED,2016-02-22
N201408133730,2,2,0,0,160 BERNARD ST,0156036,BP FILED,2014-08-13
N200810315629,1,1,0,0,160 SAN MARCOS AV,2861011,CONSTRUCTION,2014-01-23
N201608124857,2,1,0,0,160 YALE ST,5938054,BP FILED,2016-08-12
N200902041380,3,1,0,0,161 SAN CARLOS ST,3589026,BP ISSUED,2009-11-23
N201412123685,2,1,0,0,161 UNIVERSITY ST,5934026,BP FILED,2014-12-12
N200607106046,1,1,0,0,162 BREWSTER ST,5556019,CONSTRUCTION,2014-05-21
N201410229565,2,2,0,0,162 GRAND VIEW AV,2754052,BP REINSTATED,2016-06-01
N201508134169,2,1,0,0,1625 CLEMENT ST,1449040,BP ISSUED,2016-08-10
N201608044194,16,1,0,0,1631 CHESTNUT ST,0495001C,BP FILED,2016-08-04
N201510169944,2,2,0,0,1631 OAKDALE AV,5322032,BP FILED,2015-10-16
N201410219535,2,1,0,0,167 HARVARD ST,5909023,BP FILED,2014-10-21
N201512225679,2,1,0,0,1634 ALABAMA ST,5526005,BP FILED,2015-12-22
N201609077009,2,1,0,0,1640 ALABAMA ST,5526006,BP FILED,2016-09-07
N201510068917,1,1,0,0,1642 GREAT HY,1895034,BP FILED,2015-10-06
N201504022622,3,1,0,0,1649 10TH AV,1933008,BP FILED,2015-04-02
N201510260778,1,1,0,0,1649 TREAT AV,5543009,BP FILED,2015-10-26
N200807176988,2,2,0,0,165 - 167 BRUSSELS ST,5926021,CONSTRUCTION,2016-01-05
N201606109695,3,1,0,0,1658 10TH AV,1934029,BP FILED,2016-06-10
N201508275422,2,1,0,0,166 PALO ALTO AV,2721075,BP FILED,2015-08-27
N201601116781,3,3,0,0,1670 ARMSTRONG AV,5419023,BP FILED,2016-01-11
N201602179822,113,113,0,0,168 - 186 EDDY ST,0331011,BP FILED,2016-02-17
N201507060742,4,4,0,0,1695 FOLSOM ST,3522074,BP FILED,2015-07-06
N201406108024,160,160,0,0,1699 MARKET ST,3504030,BP FILED,2014-06-10
N201504103411,2,1,0,0,2427 23RD AV,2402002A,BP FILED,2015-04-09
N201601126879,13,13,0,0,17 GRACE ST,3509026,BP REINSTATED,2016-01-19
N201601076555,2,1,0,0,17 OTTAWA AV,7044A018,BP FILED,2016-01-07
N201609288977,47,5,0,0,1700 CALIFORNIA ST,0642036,BP FILED,2016-09-28
N201604074244,42,42,5,5,1700 MARKET ST,0855016,BP FILED,2016-04-07
N201004261017,2,1,0,0,1710 OAKDALE AV,5312049,BP FILED,2010-04-26
N201503191302,2,1,0,0,1715 26TH AV,2023004,BP FILED,2015-03-19
N201301238540,14,14,0,0,1727 LOMBARD ST,0506036,BP FILED,2013-01-23
N200908124639,19,18,0,0,1731 - 1741 POWELL ST,0101004,CONSTRUCTION,2016-09-29
N201009241613,2,1,0,0,1734 NEWCOMB AV,5305010,BP FILED,2010-09-24
N201511203266,2,1,0,0,1738 FILBERT ST,0520008,BP ISSUED,2016-06-06
N201306250390,2,1,0,0,1748 OAKDALE AV,5312013,BP FILED,2013-06-25
N201312305300,2,1,0,0,1749 DOLORES ST,6659006,CONSTRUCTION,2015-10-05
N201305157021,1,1,0,0,175 BREWSTER ST,5577012,CONSTRUCTION,2016-06-24
N201505287372,2,1,0,0,175 MAYNARD ST,5891004A,BP ISSUED,2016-01-22
N201302140247,2,2,0,0,1750 OAKDALE AV,5312014,BP FILED,2013-02-14
N201310159297,2,1,0,0,1756 REVERE AV,5338018,CONSTRUCTION,2015-06-01
N200712261296,2,1,0,0,176 RANDALL ST,6655030,BP APPROVED,2014-02-11
N201307151824,1,1,0,0,1762 12TH AV,2038A018,CONSTRUCTION,2016-08-18
N201501307147,3,1,0,0,1767 BEACH ST,0443A017,BP FILED,2015-01-30
N201309066225,4,2,0,0,2429 CHESTNUT ST,0935024,BP ISSUED,2016-08-30
N201306068876,1,1,0,0,1769 11TH AV,2038A013,CONSTRUCTION,2016-08-18
N201403211380,1,1,0,0,177 SAGAMORE ST,7147050,BP APPROVED,2016-03-10
N201601278103,1,1,0,0,1776 VALLEJO ST,0552031,BP FILED,2016-01-27
N201609228551,2,1,0,0,1779 22ND AV,2027012A,BP FILED,2016-09-13
N200609253193,1,1,0,0,191 BREWSTER ST,5577011,CONSTRUCTION,2016-06-24
N201509227704,2,1,0,0,1780 REVERE AV,5338025,BP FILED,2015-09-22
N201210242702,8,8,0,0,1785 15TH ST,3555036,CONSTRUCTION,2016-09-08
N201603162161,2,1,0,0,184 LONDON ST,6013009,BP FILED,2016-03-16
N201606170282,5,4,0,0,1790 SAN JOSE AV,6793009,BP FILED,2016-06-17
N201505277278,4,2,0,0,1794 SAN JOSE AV,6793011,PL FILED,2015-12-17
N201606240826,5,3,0,0,18 SHOTWELL ST,3549051,BP FILED,2016-06-24
N201602220182,6,6,0,0,1800 BUCHANAN ST,0676033,BP ISSUED,2016-08-08
N201310038419,54,54,0,0,1801 AND 1863 MISSION ST,3548033,BP FILED,2013-10-03
N201311222590,1,1,0,0,1801 SCOTT ST,1050007,BP ISSUED,2014-12-11
N201606099522,3,1,0,0,181 CORBETT AV,2656049,BP FILED,2016-06-09
N201305015894,140,140,0,0,181 FREMONT ST,3719010,CONSTRUCTION,2016-09-30
N200608230323,37,37,4,4,181 TURK ST / 180 JONES ST,0343014,BP ISSUED,2015-09-09
N200709193055,3,1,0,0,1812 TAYLOR ST,0119025,BP ISSUED,2011-07-13
N201307222452,1,1,0,0,1893 OAKDALE AV,5320015,BP FILED,2013-07-22
N201606079274,4,2,0,0,1818 LOMBARD ST,0494007,BP FILED,2016-06-07
N201409307715,2,1,0,0,1822 22ND AV,2058009J,CONSTRUCTION,2016-06-20
N201310119178,7,7,0,0,1823 TURK ST (RESIDENTIAL),1153020,CONSTRUCTION,2016-08-16
N201508214923,3,1,0,0,1824 15TH ST,3545097,BP FILED,2015-08-21
N201511092165,2,1,0,0,1824 JENNINGS ST,4790005,BP FILED,2015-11-09
N201501054868,3,1,0,0,1837 LARKIN ST,0596004,BP FILED,2015-01-05
N201503312342,2,1,0,0,1855 30TH AV,2067002O,BP FILED,2015-03-31
N201507030637,7,1,0,0,1855 Oak Street,1225032,BP FILED,2015-07-03
N200602215057,35,35,0,0,1860 VAN NESS AV,0619012,CONSTRUCTION,2016-08-08
N201505015151,9,9,0,0,1870 MARKET ST,0871004,BP FILED,2015-05-01
N201507080963,9,9,0,0,1900 MISSION ST,3554001,BP FILED,2015-07-08
N201103182398,2,1,0,0,1877 CHURCH ST,6656029,BP ISSUED,2012-04-30
N201205039740,2,1,0,0,188 BROAD ST,7107023,CONSTRUCTION,2013-07-01
N201210041365,3,2,0,0,1880 GOLDEN GATE AV,1152018,CONSTRUCTION,2016-09-28
N201304053893,3,3,0,0,1888 CLEMENT ST,1414061,BP FILED,2013-04-05
N200609253191,3,3,0,0,195 BREWSTER ST,5577009,CONSTRUCTION,2016-06-10
N201604296201,18,3,0,0,1888 GOLDEN GATE AVE,1152019,BP FILED,2016-04-29
N201501135623,2,1,0,0,189 COUNTRY CLUB DR,7277044,BP ISSUED,2016-01-28
N201410158900,1,1,0,0,19 ARGUELLO BL,1355004,BP FILED,2014-10-15
N201602058975,1,1,0,0,190 HOLLADAY AV,5532007,BP FILED,2016-02-05
N201606018809,28,0,0,0,1910 MISSION ST,3554002,BP FILED,2016-06-01
N200701171881,1,1,0,0,1911 QUESADA AV,5336048,PL FILED,2013-08-08
N201502188607,4,2,0,0,195 BROAD ST,7113063,BP FILED,2015-02-18
N201601217581,8,2,0,0,1912 MISSION ST,3554003,BP FILED,2016-01-21
N201302119939,2,2,0,0,1914 20TH ST,4071014,BP ISSUED,2015-08-18
N200904106077,2,2,0,0,1966 GREAT HY,2086007A,BP FILED,2009-04-10
N200701171858,1,1,0,0,1915 QUESADA AV,5336048,PL FILED,2013-08-08
N201605238117,13,13,0,0,1924 MISSION ST,3554003A,BP FILED,2016-05-23
N201012106469,1,1,0,0,1927 ALEMANY BL,6959030,CONSTRUCTION,2016-07-19
N200609253192,1,1,0,0,193 BREWSTER ST,5577010,CONSTRUCTION,2016-06-24
N201311010933,2,1,0,0,1936 FOLSOM ST,3552008,BP APPROVED,2014-06-06
N200908033985,1,1,0,0,194 SWEENY ST,5858024,BP ISSUED,2015-03-09
N201608256030,2,1,0,0,1946 QUESADA AV,5329009,BP FILED,2016-08-25
N201405125450,2,2,0,0,1947 OAKDALE AV,5319037,CONSTRUCTION,2016-09-19
N201604114413,2,1,0,0,1948 & 1948A QUESADA AV,5329011,BP FILED,2016-04-11
N201609218371,157,157,0,0,1950 MISSION ST,3554005,BP FILED,2016-09-26
N201609198063,2,2,0,0,1961 OAKDALE AV,5319035,BP FILED,2016-09-19
N201601137024,1,1,0,0,2179 QUESADA AV,5334030,BP FILED,2016-01-13
N201504153723,3,1,0,0,1967 HAYES ST,1210031,CONSTRUCTION,2016-09-07
N201507171855,2,2,0,0,1973 GREENWICH ST,0518029,BP FILED,2015-07-17
N201312174382,351,351,40,40,1979 MISSION ST,3553052,BP FILED,2013-12-17
N201502047444,1,1,0,0,2018 19TH ST,4030014,BP FILED,2015-02-04
N201408053094,28,28,0,0,198 VALENCIA ST,3502108,BP FILED,2014-08-05
N201509308468,2,1,0,0,1988 21ST AV,2114022,BP FILED,2015-09-30
N201511132572,64,64,0,0,199 VIDAL DR,7308001,BP FILED,2015-11-13
N201505126084,1,1,0,0,2 BONVIEW ST,5613064,BP FILED,2015-05-12
N201607051548,3,2,0,0,218 27TH AV,1386038,BP FILED,2016-07-05
N201312315425,1,1,0,0,2 BYRON CT,6489090,PL APPROVED,2015-09-30
N201605238139,1,1,0,0,2 LUPINE AV,1069039,BP FILED,2016-05-23
N201509237900,2,1,0,0,2 VESTA ST,5403001,BP APPROVED,2016-07-26
N201211295086,67,67,67,67,200 - 214 06TH ST,3731001,CONSTRUCTION,2016-08-23
N201412314814,2,1,0,0,200 BRIGHT ST,7091025,BP ISSUED,2015-08-13
N200910209344,2,2,0,0,200 BROAD ST,7106058,CONSTRUCTION,2016-01-22
N201406239109,276,273,3,3,2000 - 2070 BRYANT ST,4022001,PL APPROVED,2016-06-02
N201012317718,2,2,0,0,2006 KEITH ST,5386001,BP FILED,2010-12-31
N201411030494,1,1,0,0,2008 KEITH ST,5386002,BP ISSUED,2016-02-01
N201405075174,2,2,0,0,201 MISSOURI ST,4002024,BP FILED,2014-05-07
N201407292392,2,1,0,0,2014 10TH AV,2129001C,BP ISSUED,2015-08-26
N200910209343,2,2,0,0,202 BROAD ST,7106059,CONSTRUCTION,2016-01-22
N201609147667,3,2,0,0,216 RAMSELL ST,7088052,BP FILED,2016-09-14
N201505136184,3,2,0,0,202 TEDDY AV (AKA 468 - 488 RUTLAND),6209052,BP FILED,2015-05-13
N201307021054,2,1,0,0,203 RUSSIA AV,6086012C,CONSTRUCTION,2016-09-09
N201504093248,2,1,0,0,2031 20TH AV,2140004B,BP FILED,2015-04-09
N201010253666,3,3,0,0,2034 CLEMENT ST,1412019,CONSTRUCTION,2014-04-10
N201609026783,2,1,0,0,2039 43RD AV,2163010,BP FILED,2016-09-02
N201406279814,97,97,12,12,2051 03RD ST,3994001B,CONSTRUCTION,2016-09-22
N201601086723,3,1,0,0,206 SAN JOSE AV,6513053,BP FILED,2016-01-08
N201505085788,2,1,0,0,2062 12TH AV,2131A026,BP FILED,2015-05-08
N201505196638,1,1,0,0,2065 QUESADA AV,5335034,BP FILED,2015-05-19
N201505085793,2,1,0,0,2066 32ND AV,2151037,BP FILED,2015-05-08
N201608054294,127,127,109,109,2070 FOLSOM ST,3571031,PL FILED,2015-12-09
N201609278931,3,1,0,0,2127 TAYLOR ST,0073003,BP FILED,2016-09-27
N201506199483,2,1,0,0,2130 SANTIAGO ST,2317016G,CONSTRUCTION,2016-01-27
N201504083155,6,1,0,0,2138 JONES ST,0092027,BP FILED,2015-04-08
N201506037942,2,1,0,0,2142 34TH AV,2184034,CONSTRUCTION,2016-03-28
N201401065657,7,6,0,0,2146 3RD ST,4044003,BP FILED,2014-01-06
N201504103322,2,1,0,0,2158 22ND AV,2196034,BP FILED,2015-04-10
N201306210213,109,109,0,0,2171 03RD ST,4045003,BP FILED,2013-06-21
N200611036823,4,4,0,0,2175 BAYSHORE BL,5066B003,BP APPROVED,2009-05-19
N201601066485,1,1,0,0,2175 QUESADA AV,5334031,BP FILED,2016-01-06
N201503191328,1,1,0,0,2181 09TH AV,2860004,BP FILED,2015-03-19
N201505136194,2,1,0,0,219 MAYNARD ST,5890013A,BP FILED,2015-05-13
N201312134180,87,87,10,10,2198 MARKET ST,3542039,CONSTRUCTION,2016-09-23
N201608104715,3,2,0,0,22 DOWNEY ST,1254005,BP FILED,2016-08-10
N201504093240,35,35,0,0,22 FRANKLIN ST,0836011,BP ISSUED,2016-09-16
N201310219817,2,1,0,0,22 ORD CT,2619067,BP ISSUED,2016-05-31
N201605248214,2,1,0,0,220 LOBOS ST,7092014,BP FILED,2016-05-24
N201012076279,1,1,0,0,220 WILLIAMS AV,5406016,BP ISSUED,2016-08-10
N201210091512,2,1,0,0,2207 25TH ST,4282A023,CONSTRUCTION,2013-03-12
N201503090303,2,1,0,0,2219 31ST AV,2318005,CONSTRUCTION,2016-09-27
N201605036401,23,23,0,0,222 DORE ST,3525083,PL FILED,2015-12-04
N201512316246,9,9,0,0,225 SHIPLEY ST,3753099,BP FILED,2015-12-31
N201609238682,3,1,0,0,2251 BROADWAY *,0581015A,BP FILED,2016-09-13
N201410088357,2,1,0,0,2227 33RD AV,2316001F,BP FILED,2014-10-08
N201405085281,2,1,0,0,2237 UNION ST,0539031,CONSTRUCTION,2016-07-22
N201601157251,2,1,0,0,2238 KIRKHAM ST,1827019,BP FILED,2016-01-15
N201504284774,2,1,0,0,224 NUEVA AV,5081002,BP FILED,2015-04-28
N201403261777,2,1,0,0,225 17TH AV,1416003,BP ISSUED,2016-08-01
N201412163794,2,2,0,0,2774 SAN BRUNO AV,6048010,BP FILED,2014-12-16
N201206203038,7,7,0,0,2255 TARAVAL ST,2393040,BP APPROVED,2015-11-17
N200806164548,76,37,0,0,226 06TH ST,3731003,CONSTRUCTION,2014-10-20
N201505085800,2,1,0,0,2277 46TH AV,2303016,BP FILED,2015-05-08
N201309257711,71,71,0,0,2290 03RD ST,4059009,BP ISSUED,2016-07-29
N201609218442,2,1,0,0,2316 28TH AV,2356029,BP FILED,2016-09-21
N201508103804,17,17,0,0,2293 POWELL ST,0041001,PL APPROVED,2015-11-20
N201312265039,1,1,0,0,23 CANYON DR,6435012,BP ISSUED,2015-09-23
N201606139725,3,1,0,0,230 ANZA ST,1091013,BP FILED,2016-06-13
N201510230698,1,1,0,0,2306 CASTRO ST,7537002,BP FILED,2015-10-23
N201411212273,2,1,0,0,2308 21ST AV,2349038,BP ISSUED,2015-12-18
N201606018866,2,1,0,0,231 GENNESSEE ST,3123004,BP FILED,2016-06-01
N201410300350,2,1,0,0,231 JULES AV,6940012,BP ISSUED,2015-07-09
N201009241586,2,1,0,0,2317 15TH ST,2613020,BP FILED,2010-09-24
N201401247066,22,22,0,0,233 - 237 SHIPLEY ST,3753096,CONSTRUCTION,2016-07-13
N201606230733,1,1,0,0,299 SAGAMORE ST,7148039,BP FILED,2016-06-23
N201603152102,2,1,0,0,2339 41ST AV,2370054,BP FILED,2016-03-15
N201510169995,1,1,0,0,234 TERESITA BL,2959007,BP FILED,2015-10-16
N201505136197,2,1,0,0,2342 31ST AV,2359002J,BP FILED,2015-05-13
N201511031632,6,6,0,0,2346 LOMBARD ST,0489015,PL APPROVED,2015-11-03
N201606270934,3,1,0,0,2349 NORTH POINT ST,0923034,BP FILED,2016-06-27
N201604124614,2,2,0,0,235 CAPITOL AV,7114002,BP FILED,2016-04-12
N201605036381,3,1,0,0,235 CLINTON PK,3534043,BP FILED,2016-05-03
N200708079019,10,10,0,0,2350 19TH AV,2347004G,BP ISSUED,2014-07-11
N201401297354,21,21,0,0,2353 - 2347 LOMBARD ST,0512026,CONSTRUCTION,2016-04-28
N201504072959,2,1,0,0,2355 28TH AV,2357003A,BP FILED,2015-04-07
N201602129535,3,1,0,0,236 JERSEY ST,6508011,BP FILED,2016-02-12
N201606230749,1,1,0,0,299 SAGAMORE ST,7148039,BP FILED,2016-06-23
N201507141490,1,1,0,0,240 WILLIAMS AV,5406018,BP FILED,2015-07-14
N201606170322,2,1,0,0,236 SADOWA ST,7114017,BP FILED,2016-06-17
N201608296304,2,1,0,0,236 SANTOS ST,6323005,BP FILED,2016-08-29
N201602260675,2,1,0,0,238 BEVERLY ST,6998033,BP FILED,2016-02-26
N201310038371,3,1,0,0,238 MISSOURI ST,4003006,CONSTRUCTION,2016-04-26
N201609228561,3,1,0,0,2386 34TH AV,2362022A,BP FILED,2016-09-22
N201501125418,2,1,0,0,239 14TH AV,1419007,BP ISSUED,2016-03-31
N201605258264,2,2,0,0,239 ORDWAY ST,6170037,BP FILED,2016-05-25
N201508134190,33,33,0,0,240 - 290 PACIFIC AV,0166003,BP ISSUED,2016-07-13
N201607071765,38,6,0,0,240 CHATTANOOGA ST,3650050,BP FILED,2016-07-07
N201504153735,2,1,0,0,240 CHENERY ST,6685006A,BP FILED,2015-04-15
N201503171144,1,1,0,0,2405 32ND AV,2393002,CONSTRUCTION,2016-09-09
N201506159021,28,28,0,0,241 10TH ST,3518020,CONSTRUCTION,2016-09-28
N201608296278,8,8,0,0,2410 MISSION ST,3609002,BP FILED,2016-08-29
N201404032363,11,8,0,0,"2419, 2421 & 2435 LOMBARD ST",0937028,BP FILED,2014-04-03
N201405085278,9,9,0,0,2420 03RD ST,4108003F,BP FILED,2014-05-08
N201412224319,2,1,0,0,2433 SANTIAGO ST,2364047,BP FILED,2014-12-22
N201512316248,53,53,6,6,2435 - 2445 16TH ST,3965021,BP FILED,2015-12-31
N201603041237,3,1,0,0,244 30TH ST,6637011,BP FILED,2016-03-04
N201412234418,603,603,0,0,245 01ST ST,3737012,BP ISSUED,2015-12-10
N201504103368,2,1,0,0,25 JOSIAH AV,7050031,BP FILED,2015-04-10
N201511061953,2,1,0,0,247 MONTANA ST,7069030,BP FILED,2015-11-06
N201512225698,3,1,0,0,2477 LOMBARD ST,0937022,BP ISSUED,2016-09-20
N201405226523,1,1,0,0,2495 HARRISON ST,4084018,CONSTRUCTION,2016-06-24
N201410229595,4,1,0,0,25 ALVARADO ST,3634025,BP ISSUED,2016-04-26
N201607061649,3,1,0,0,25 CASTRO ST,1260019,BP FILED,2016-07-06
N201407090811,3,3,0,0,2815 POLK ST,0478003,BP FILED,2014-07-09
N201408123622,12,3,0,0,25 ELGIN PARK ST,3502111,BP FILED,2014-08-12
N201501236565,122,122,0,0,2500 ARELIOUS WALKER DR,4884025,CONSTRUCTION,2016-09-16
N201403181032,2,2,0,0,2506 MCALLISTER ST,1144020,BP FILED,2014-03-18
N201501286899,2,1,0,0,2514 BALBOA ST,1569015,BP REINSTATED,2015-02-04
N201411040624,2,1,0,0,252 16TH AV,1418033,BP FILED,2014-11-04
N201602240424,2,1,0,0,2526 16TH AV,2416013,BP ISSUED,2016-07-28
N201401226857,1,1,0,0,2528 UNION ST,0945012,CONSTRUCTION,2016-09-19
N201609228497,3,1,0,0,253 11TH AV,1422011A,BP FILED,2016-09-22
N201504214236,2,1,0,0,2536 PACHECO ST,2105030,BP ISSUED,2016-07-20
N201503160933,1,1,0,0,255 28TH ST,6614035,BP FILED,2015-03-16
N201505186604,3,1,0,0,258 24TH AV,1383031,BP FILED,2015-05-18
N201404143170,1,1,0,0,2582 FILBERT ST,0944030,BP ISSUED,2015-07-01
N201606069165,2,1,0,0,2586 30TH AV,2430019E,BP FILED,2016-06-06
N201305167075,8,8,0,0,259 CLARA ST,3753042,CONSTRUCTION,2016-04-22
N201402259241,2,1,0,0,259 ROOSEVELT WY,2614048,BP ISSUED,2016-07-12
N201608023926,2,1,0,0,26 SOMERSET ST,5920002A,BP FILED,2016-08-02
N201605177637,2,1,0,0,26 VALLEY ST,6616012,BP FILED,2016-05-17
N201512306130,2,1,0,0,2600 38TH AV,2459051,BP FILED,2015-12-30
N201401166470,93,93,93,93,2600 ARELIOUS WALKER DR,4884025,CONSTRUCTION,2016-09-16
N201501236483,20,20,0,0,2600 HARRISON ST,3639001,PL APPROVED,2016-08-11
N201406269575,26,26,0,0,2601 VAN NESS AV,0522002A,BP ISSUED,2016-04-04
N201307161993,2,1,0,0,261 10TH AV,1423015,BP ISSUED,2014-07-15
N201510169894,1,1,0,0,262 CASTRO ST,2614004,BP FILED,2015-10-16
N200711077585,1,1,0,0,262 MADISON ST,5943050,CONSTRUCTION,2014-01-08
N201404173443,3,2,0,0,2621 HARRISON ST,4148027,BP FILED,2014-04-17
N201508103759,3,1,0,0,2624 LEAVENWORTH ST,0028006E,BP FILED,2015-08-10
N201601046276,1,1,0,0,2626 GRIFFITH ST,4937017,BP FILED,2016-01-04
N200809262740,2,1,0,0,2626 LARKIN ST,0069011,CONSTRUCTION,2015-07-16
N201510089247,2,1,0,0,263 ARCH ST,7086006,BP FILED,2015-10-08
N201608084425,2,1,0,0,2646 46TH AV,2451006B,BP FILED,2016-08-08
N201211093966,84,84,0,0,2655 BUSH ST,1052024,CONSTRUCTION,2016-09-26
N201503312380,3,1,0,0,267 SAN CARLOS ST,3596025,BP FILED,2015-03-31
N201607283625,117,117,17,17,2675 FOLSOM ST,3639006,PL APPROVED,2016-09-22
N201503312413,2,1,0,0,268 CLARA ST,3753075,BP FILED,2015-03-31
N201410280037,1,1,0,0,268 GRAND VIEW AV,2764010,BP FILED,2014-10-28
N200711077587,80,77,0,0,268 MADISON ST,5943008,CONSTRUCTION,2014-01-08
N201506179226,2,1,0,0,2689 23RD AV,2473018,BP ISSUED,2016-01-08
N201511122441,3,2,0,0,2740 MCALLISTER ST,1167010,BP FILED,2015-11-12
N201303041387,4,4,0,0,270 CAPITOL AV,7113022,CONSTRUCTION,2016-05-02
N201512316262,2,1,0,0,270 TRUMBULL ST,5871036,BP ISSUED,2016-06-14
N201401166475,91,91,0,0,2700 ARELIOUS WALKER DR,4884027,CONSTRUCTION,2016-09-27
N201503201418,9,6,0,0,271 UPPER TER,2628032,BP FILED,2015-03-20
N201304164662,3,2,0,0,272 CLARA ST,3753076,CONSTRUCTION,2015-10-26
N201508315729,3,1,0,0,2739 MCALLISTER ST,1168043,BP FILED,2015-08-31
N201510270841,2,1,0,0,274 SILVER AV,6800041,BP FILED,2015-10-27
N201608296300,2,1,0,0,274 VICTORIA ST,7089040,BP FILED,2016-08-29
N201504234455,3,3,0,0,2755 MCALLISTER ST,1168040,BP APPROVED,2016-09-20
N201601207494,1,1,0,0,276 RIPLEY ST,5550040,BP FILED,2016-01-20
N201607051512,3,1,0,0,278 11TH AV,1423025,BP FILED,2016-07-05
N201607293739,2,1,0,0,2834 HARRISON ST,6522008,BP FILED,2016-07-29
N201405206278,10,4,0,0,2782 FOLSOM ST,3641010C,BP FILED,2014-05-20
N201604134699,1,1,0,0,2783 DIAMOND ST,6742027A,BP FILED,2016-04-13
N201504234413,2,2,0,0,2785 SAN BRUNO AV,5450018,BP FILED,2015-04-23
N200906261414,2,1,0,0,279 MONTEREY BL,6771032,CONSTRUCTION,2015-10-07
N201608296214,7,7,0,0,2799 24TH ST,4266035,PL FILED,2015-06-18
N201608296272,31,31,0,0,2800 ARELIOUS WALKER DR,4884026,BP FILED,2016-08-29
N201402047761,56,56,1,1,2800 SLOAT BL,2515001,CONSTRUCTION,2016-09-26
N201411181835,3,2,0,0,2806 VAN NESS AV,0499004,BP FILED,2014-11-18
N201504224286,4,4,0,0,2829 25TH ST,4276028,BP FILED,2015-04-22
N201511021455,1,1,0,0,2832 UNION ST,0948003A,BP FILED,2015-11-02
N201205251254,2,1,0,0,2851 FILBERT ST,0948018,CONSTRUCTION,2016-09-08
N201310048576,1,1,0,0,2855 FILBERT ST,0948029,BP FILED,2013-10-04
N201511031542,3,1,0,0,2855 FOLSOM ST,6521031,BP APPROVED,2016-09-26
N201009241614,1,1,0,0,287 11TH AV,1422016,BP ISSUED,2011-07-18
N201302069581,1,1,0,0,287 CRESTA VISTA DR,2993088,CONSTRUCTION,2015-04-21
N201412012693,1,1,0,0,2877 FOLSOM ST,6521025,BP ISSUED,2016-08-25
N201212045418,4,2,0,0,2881 MISSION ST,6517022,CONSTRUCTION,2016-02-11
N201106027305,7,2,0,0,2882 - 2890 GEARY BL,1069045,BP ISSUED,2014-02-05
N201209270766,10,10,1,1,2895 SAN BRUNO AV,5457037,BP ISSUED,2013-08-19
N201405125497,2,1,0,0,2909 BUSH ST,1055021,CONSTRUCTION,2016-07-20
N201605177569,2,1,0,0,2913 CALIFORNIA ST,1029032,BP FILED,2016-05-17
N201504204018,1,1,0,0,292 ARLETA AV,6234024,BP FILED,2015-04-20
N201503201461,2,2,0,0,2920 FRANKLIN ST,0498020,PL FILED,2016-05-26
N201604124605,1,1,0,0,2921 VALLEJO ST,0957020,BP FILED,2016-04-12
N201504244517,2,1,0,0,2930 ANZA ST,1524018A,CONSTRUCTION,2016-08-10
N201410249901,5,2,0,0,3215 SCOTT ST,0936020,CONSTRUCTION,2015-10-08
N201504103363,3,2,0,0,2944 21ST ST,3612017,CONSTRUCTION,2016-06-22
N201506098540,2,1,0,0,2955 20TH AV,7204004,BP ISSUED,2015-11-16
N201512235880,2,1,0,0,2965 25TH AV,7209004B,BP FILED,2015-12-23
N201404234009,2,1,0,0,30 BLAKE ST,1068014,BP APPROVED,2014-10-08
N201506249813,2,1,0,0,306 ARLETA AV,6233003,BP ISSUED,2016-06-24
N200810013158,16,16,1,1,300 OCTAVIA ST (BP SET 1 OF 2),0832025,PL APPROVED,2016-06-23
N200812319407,3,2,0,0,30 EDITH ST,0077004,BP REINSTATED,2014-06-06
N201407302503,1,1,0,0,300 - 308 UNIVERSITY ST (BLDG 1 OF 4),5991001,BP APPROVED,2015-11-04
N201407302510,1,1,0,0,300 - 308 UNIVERSITY ST (BLDG 2 OF 4),5991001,BP APPROVED,2015-11-05
N201407302511,1,1,0,0,300 - 308 UNIVERSITY ST (BLDG 3 OF 4),5991001,BP APPROVED,2015-11-02
N201407302512,1,1,0,0,300 - 308 UNIVERSITY ST (BLDG 4 OF 4),5991001,BP APPROVED,2015-11-04
N201510230639,89,89,0,0,300 ARBALLO DR,7308001,BP FILED,2015-10-23
N200810013162,16,16,2,2,300 OCTAVIA ST (BP SET 2 OF 2),0832026,PL APPROVED,2016-06-23
N201503201416,2,2,0,0,301 UPPER TR,2628035,BP FILED,2015-03-20
N201607283597,1,0,0,0,3015 SAN BRUNO AV,5467016,BP FILED,2016-07-28
N201603152080,198,198,0,0,302 SILVER AV,5952002,PL APPROVED,2016-03-15
N201009271661,2,2,0,0,3020 LAGUNA ST,0519029,CONSTRUCTION,2013-02-27
N201511132603,2,1,0,0,3025 CESAR CHAVEZ ST,5505020,BP FILED,2015-11-13
N201604124551,1,0,0,0,3027 FILLMORE ST,0534007,BP FILED,2016-04-12
N201312174396,1,1,0,0,3040 24TH ST,3640079,BP FILED,2013-12-17
N201603081447,2,1,0,0,31 PASADENA ST,6321012,BP FILED,2016-03-08
N201208298556,2,1,0,0,31 URANUS TR,2654031,BP ISSUED,2014-01-06
N201609066885,1,1,0,0,311 28TH ST,6613048,BP FILED,2016-09-06
N201502269406,8,8,0,0,311 GROVE ST,0809020,PL APPROVED,2016-02-24
N201604064141,8,1,0,0,3110 CLAY ST,0999008,BP FILED,2016-04-06
N201601086676,16,4,0,0,312 BAKER ST,1205021,BP FILED,2016-01-08
N201407302522,2,2,0,0,3123 FOLSOM ST,5503018,BP ISSUED,2015-12-23
N201411060898,2,1,0,0,3125 LINCOLN WY,1718046,BP APPROVED,2015-11-17
N201506300382,2,1,0,0,3131 QUINTARA ST,2177054,BP FILED,2015-06-30
N201407181625,4,4,0,0,315 SOUTH VAN NESS AV,3549041,PL APPROVED,2016-03-10
N201604043856,2,1,0,0,3179 CESAR CHAVEZ ST,5503022,BP FILED,2016-04-04
N201512316214,2,2,0,0,318 30TH AV,1404041,BP FILED,2015-12-31
N201407221872,2,2,0,0,3198 MARKET ST,2659052,BP ISSUED,2016-02-22
N201602018541,1,1,0,0,32 HERON ST,3755049,BP FILED,2016-02-01
N201106238762,2,1,0,0,322 29TH AV,1405045,CONSTRUCTION,2013-05-10
N201412053178,3,1,0,0,322 COLERIDGE ST,5673003,CONSTRUCTION,2016-06-10
N201602018545,3,1,0,0,3221 BALBOA ST,1611001F,BP FILED,2016-02-01
N201003248891,3,2,0,0,3249 17TH ST,3575063,CONSTRUCTION,2016-05-04
N201512044244,2,2,0,0,325 29TH AV,1404006,BP REINSTATED,2015-12-14
N201511233310,2,1,0,0,325 ARLINGTON ST,6693006,BP ISSUED,2016-07-12
N201606139801,1,1,0,0,325 BOWDOIN ST,5884026,BP FILED,2016-06-13
N201504022624,3,1,0,0,325 CLIPPER ST,6554037,BP ISSUED,2015-12-18
N201605046495,119,119,0,0,325 FREMONT ST,3747012,BP FILED,2016-05-06
N201412224267,1,1,0,0,3252 19TH ST,3591025,BP FILED,2014-12-22
N201411050758,2,1,0,0,326 NAPLES ST,6019002,BP ISSUED,2015-04-20
N201507101133,7,3,0,0,33 DEARBORN ST,3577053,BP FILED,2015-07-10
N201410280029,3,1,0,0,33 LEO ST,6956014,BP FILED,2014-10-28
N201406097901,9,9,0,0,33 NORFOLK ST,3521053A,BP FILED,2014-06-09
N201501135624,2,1,0,0,330 COUNTRY CLUB DR,7272043,BP ISSUED,2016-01-28
N201503039806,2,1,0,0,3303 FOLSOM ST,5524044,CONSTRUCTION,2016-08-29
N201408063132,2,1,0,0,331 CAPISTRANO AV,3146021,BP FILED,2014-08-06
N201410108695,2,1,0,0,331 COLLINGWOOD ST,2752024,BP FILED,2014-10-10
N201502188620,8,2,0,0,3312 17TH ST,3569017,BP APPROVED,2016-09-30
N201504143580,50,50,0,0,3314 CESAR CHAVEZ ST,6571012,BP FILED,2015-04-14
N201402198846,10,6,0,0,3324 19TH ST,3590014,BP ISSUED,2016-07-05
N201306129341,2,2,0,0,333 PENNSYLVANIA AV,4040025,CONSTRUCTION,2016-08-30
N201501075157,3,1,0,0,3336 BRODERICK ST,0927024,BP FILED,2015-01-07
N201504093287,2,1,0,0,334 32ND AV,1402036,BP FILED,2015-04-09
N201408063130,2,1,0,0,336 HANOVER ST,6489035,BP ISSUED,2016-09-01
N201512114912,6,2,0,0,3374 - 3376 21ST ST,3608023,BP FILED,2015-12-11
N201602099198,4,0,0,0,3378 SACRAMENTO ST,1008047,CONSTRUCTION,2016-09-08
N201410017778,1,1,0,0,339 CRESCENT AV,5744016,BP ISSUED,2016-05-17
N201609268810,2,1,0,0,349 MANGELS AV,3089065,BP FILED,2016-09-26
N201604124538,2,1,0,0,339 MOUNT VERNON AV,7040A011,BP FILED,2016-04-12
N201501276733,2,1,0,0,34 COUNTRY CLUB DR,7279041,BP ISSUED,2016-07-13
N200712120285,4,3,0,0,353 SAN JOSE AV,6531022,CONSTRUCTION,2016-01-04
N201310088785,5,5,0,0,34 LANGTON ST,3730096,BP FILED,2013-10-08
N201607061704,2,1,0,0,340 NAPLES ST,6019006,BP FILED,2016-07-06
N201412304716,2,1,0,0,350 15TH AV,1446038,CONSTRUCTION,2016-09-30
N201311041054,16,16,0,0,3420 18TH ST,3576090,CONSTRUCTION,2016-09-28
N201609066826,1,1,0,0,40 DORANTES AV,2880022,BP FILED,2016-09-06
N201111158893,3,1,0,0,3436 SCOTT ST,0465A022,BP FILED,2011-11-15
N201609208277,2,1,0,0,3439 LINCOLN WY,1715044,BP FILED,2016-09-20
N201303293381,2,1,0,0,349 RICHLAND AV,5721077,CONSTRUCTION,2016-08-02
N201303273113,75,75,8,8,344 - 388 FULTON ST,0785029,CONSTRUCTION,2016-09-27
N201307242711,2,1,0,0,344 HOLLOWAY AV,6942028,CONSTRUCTION,2016-03-05
N201501095338,7,1,0,0,3441-3447 20TH ST,3610047,BP FILED,2015-01-09
N201602109217,2,1,0,0,3443 26TH ST,6569029,BP FILED,2016-02-10
N201602179763,104,104,0,0,345 06TH ST,3753081,BP FILED,2016-02-17
N201507070775,31,2,0,0,345 FULTON ST,0792007A,BP FILED,2015-07-07
N201311202405,75,75,11,11,346 POTRERO AV,3962008,CONSTRUCTION,2016-09-29
N201307292973,2,1,0,0,349 CORBETT AV,2659054,BP ISSUED,2014-09-16
N201604124497,4,4,0,0,3490 20TH ST,3595021,BP FILED,2016-04-12
N201312194587,12,4,0,0,35 - 41 LAFAYETTE ST,3511066,CONSTRUCTION,2016-06-03
N201202174465,3,1,0,0,35 LEXINGTON ST,3576039,CONSTRUCTION,2016-05-23
N201307303137,416,416,62,62,350 08TH ST,3756003,CONSTRUCTION,2016-07-27
N201602290749,1,1,0,0,3512 16TH ST,3559009,BP FILED,2016-02-29
N201312164322,2,2,0,0,3516 FOLSOM ST,5626013,BP FILED,2013-12-16
N201312164318,1,1,0,0,3526 FOLSOM ST,5626014,BP FILED,2013-12-16
N201104083761,1,1,0,0,3650 WASHINGTON ST,0987033,BP ISSUED,2012-02-22
N201403271860,10,2,0,0,3527 18TH ST,3588001C,BP ISSUED,2015-01-15
N200712120290,3,3,0,0,3534 TARAVAL ST,2374019,CONSTRUCTION,2016-04-21
N201602028578,2,1,0,0,354 HEAD ST,7116035,BP FILED,2016-02-02
N201106289066,1,1,0,0,354 MULLEN AV,5535006,BP FILED,2011-06-28
N201504173948,11,2,0,0,355 LAGUNA ST,0840001,BP ISSUED,2016-05-24
N201606069227,2,1,0,0,355 PENNSYLVANIA AV,4040024,BP FILED,2016-06-06
N201506259933,3,1,0,0,3551 PIERCE ST,0441B007,BP APPROVED,2016-09-30
N201605066788,2,1,0,0,359 TOCOLOMA AV,5081010,BP FILED,2016-05-06
N201603020949,3,1,0,0,406 CHENERY ST,6717008,BP FILED,2016-03-02
N200611308862,1,1,0,0,3595 KEITH ST,5476014,CONSTRUCTION,2016-01-20
N201603253145,5,5,0,0,4152 24TH ST,2831013,BP FILED,2016-03-25
N201406037375,1,1,0,0,36 KNOLLVIEW WAY,2823A016,CONSTRUCTION,2016-04-11
N201312265046,129,129,0,0,360 BERRY ST,8704004,CONSTRUCTION,2016-08-22
N201607142327,24,24,0,0,3620 CESAR CHAVEZ ST,6568032,PL FILED,2015-11-25
N201306210141,3,2,0,0,363 21ST AV,1453013,BP ISSUED,2015-03-24
N201509237851,3,1,0,0,363 BOCANA ST,5709016,BP FILED,2015-09-23
N201604154912,3,1,0,0,3646 16TH ST,3561023,BP FILED,2016-04-15
N201602119391,25,5,0,0,3659 20TH ST,3608060,BP FILED,2016-02-11
N201602189872,3,1,0,0,3669 - 3671 23RD ST,3648033,BP ISSUED,2016-07-13
N201506108657,2,1,0,0,369 DUNCAN ST,6601032,BP FILED,2015-06-10
N201412123652,2,1,0,0,37 BLAKE ST,1067009,BP ISSUED,2016-06-03
N201412234391,1,1,0,0,37 RUTLEDGE ST,5557021,BP FILED,2014-12-23
N201504093286,2,1,0,0,3701 JUDAH ST,1811001,BP FILED,2015-04-09
N201607152516,12,12,0,0,3701 NORIEGA ST,2081001,PL APPROVED,2016-05-12
N201410027946,2,1,0,0,371 12TH AV,1444015,BP ISSUED,2016-01-20
N201604296193,3,3,0,0,371 SOUTH VAN NESS AV,3549032,BP FILED,2016-04-29
N201312134205,1,1,0,0,3721 21ST ST,3621081,BP ISSUED,2015-05-26
N201605268465,2,1,0,0,4148 24TH ST,2831012,BP FILED,2016-05-26
N201305177243,24,24,3,3,376 CASTRO ST,2623006,BP FILED,2013-05-17
N201503231627,3,1,0,0,3769 CESAR CHAVEZ ST,6577046,CONSTRUCTION,2016-08-31
N201605137452,8,2,0,0,38 BELVEDERE ST,1246018,BP FILED,2016-05-13
N201512023978,2,1,0,0,38 CARR ST,5462010,BP FILED,2015-12-02
N201402219037,5,5,0,0,3822 24TH ST,3651018,BP ISSUED,2016-09-20
N201505146356,2,1,0,0,3839 LAWTON ST,1899045A,BP ISSUED,2016-03-29
N201604084285,2,1,0,0,385 ATHENS ST,6022015,BP FILED,2016-04-08
N201601278125,180,180,20,20,390 01ST ST,3749058,PL APPROVED,2016-08-04
N201505297566,3,3,0,0,3902 24TH ST,3654040,BP ISSUED,2016-08-15
N200808139077,6,3,0,0,3927 19TH ST,3601071,BP FILED,2008-08-13
N201307292931,3,1,0,0,3932 23RD ST,3625011A,BP ISSUED,2015-06-22
N200807116509,3,1,0,0,3933 24TH ST,6508035,BP APPROVED,2012-04-10
N201504062845,2,1,0,0,3938 17TH ST,3563015B,BP ISSUED,2016-08-03
N201412314770,6,6,0,0,3945 JUDAH ST,1809028,BP REINSTATED,2015-07-14
N201608124850,5,1,0,0,4 DIVISADERO ST,2611019,BP FILED,2016-08-12
N201602129550,13,13,0,0,400 BAY ST,0030003,PL APPROVED,2015-09-18
N201410038023,1,1,0,0,400 HEARST AV,3116006,CONSTRUCTION,2016-08-05
N201602190078,2,1,0,0,4023 PACHECO ST,2164030,BP FILED,2016-02-19
N201405206229,4,2,0,0,4024 24TH ST,3656010,CONSTRUCTION,2016-07-26
N201502047488,2,1,0,0,4025 BALBOA ST,1603049,BP FILED,2015-02-04
N201607273501,1,1,0,0,4041 CESAR CHAVEZ ST,6580036,BP FILED,2016-07-27
N201512215657,2,2,0,0,4043 CESAR CHAVEZ ST,6580035,BP FILED,2015-12-21
N201605258323,3,1,0,0,406 29TH ST,6620008B,BP FILED,2016-05-25
N201603293285,4,3,0,0,4064 24TH ST,3656019,BP FILED,2016-03-29
N201302130179,2,1,0,0,4072 18TH ST,3582054,BP FILED,2013-02-13
N201609026792,2,1,0,0,41 OTTAWA AV,7044B013,BP FILED,2016-09-02
N201404304554,418,418,49,49,41 TEHAMA ST,3736074,CONSTRUCTION,2016-09-27
N201410108600,3,3,0,0,44 WOODWARD ST,3532048,BP APPROVED,2016-09-08
N201012176969,2,2,0,0,4103 CESAR CHAVEZ ST,6581060,CONSTRUCTION,2016-05-03
N201204138248,1,1,0,0,412 HEARST AV,3116007,CONSTRUCTION,2016-09-16
N201405307098,1,1,0,0,4126 17TH ST,2623028,CONSTRUCTION,2016-07-29
N201401176600,2,1,0,0,413 SHRADER ST,1227003,CONSTRUCTION,2016-09-22
N200804250691,2,1,0,0,417 LYON ST,1198004,BP ISSUED,2009-03-17
N201607142376,2,1,0,0,417 MISSISSIPPI ST,4064026,PL APPROVED,2016-10-04
N201410169154,5,5,0,0,4171 24TH ST,6506032,BP ISSUED,2016-06-22
N201501206148,1,1,0,0,418 SHRADER ST,1226019,BP FILED,2015-01-20
N201603041266,2,1,0,0,42 FARRAGUT AV,7100017,BP ISSUED,2016-09-02
N201308124073,2,1,0,0,42 HOMESTEAD ST,6503006,BP FILED,2013-08-12
N200609132176,1,1,0,0,422 VICENTE ST,2416002H,CONSTRUCTION,2014-04-24
N201510200305,3,1,0,0,4221 CESAR CHAVEZ ST,6582039,BP FILED,2015-10-20
N201503160999,3,2,0,0,4221 GEARY BL,1538036,BP FILED,2015-03-16
N201405155866,3,2,0,0,423 24TH AV,1456003,BP ISSUED,2016-04-13
N201504062885,3,1,0,0,423 28TH ST,6612044,BP APPROVED,2016-09-13
N201506027829,2,1,0,0,423 JUSTIN DR,5841005,BP FILED,2015-06-02
N201503160972,2,1,0,0,427 LISBON ST,6087025,CONSTRUCTION,2016-09-23
N201311192313,2,1,0,0,429 GRAND VIEW AV,2807040,BP ISSUED,2015-08-06
N201608154972,3,1,0,0,106 LEESE ST,5746004,BP FILED,2016-08-15
N201001225204,3,1,0,0,430 03RD AV,1542039,BP ISSUED,2012-10-24
N201605056698,23,23,3,3,430 EDDY ST,0334008,PL APPROVED,2016-03-08
N201305207321,3,1,0,0,431 02ND AV,1542005,CONSTRUCTION,2016-09-22
N201507091031,10,10,0,0,4320 MISSION ST,6800045,BP FILED,2015-07-09
N200808058406,9,9,0,0,436 OFARRELL ST,0317005,CONSTRUCTION,2016-09-22
N201608185376,6,1,0,0,4360 19TH ST,2693021,BP FILED,2016-08-18
N201503100426,2,1,0,0,437 HOFFMAN AV,6503024,BP FILED,2015-03-10
N201301168071,1,1,0,0,4376 24TH ST,2829010,CONSTRUCTION,2016-06-22
N201511041776,2,1,0,0,439 ATHENS ST,6075005,BP FILED,2015-11-04
N201506249730,1,1,0,0,44 AZTEC ST,5521015,BP FILED,2015-06-24
N201504214238,2,1,0,0,44 DEL MONTE ST,7031011A,BP APPROVED,2015-11-05
N201412083275,2,1,0,0,4400 25TH ST,6504017,CONSTRUCTION,2016-08-18
N201507101227,3,1,0,0,441 43RD AV,1475032,BP ISSUED,2016-01-26
N201507242419,2,1,0,0,442 STAPLES AV,3139013,CONSTRUCTION,2016-06-15
N201505136188,2,1,0,0,443 MADRID ST,6079029,BP FILED,2015-05-13
N201605187790,2,1,0,0,446 44TH AV,1475017A,BP FILED,2016-05-18
N201603293298,2,1,0,0,4466 24TH ST,2828016A,BP FILED,2016-03-29
N200912304034,2,2,0,0,447 - 453 LINDEN ST,0818048,CONSTRUCTION,2016-03-22
N201503201411,1,1,0,0,4500 17TH ST,2628034,BP FILED,2015-03-20
N201503312346,2,1,0,0,4524 CABRILLO ST,1598020,BP ISSUED,2016-05-13
N201512084415,2,1,0,0,4529 18TH ST,2691040,BP FILED,2015-12-08
N201512175380,2,1,0,0,453 RALSTON ST,6996010,BP FILED,2015-12-17
N201412184051,2,2,0,0,460 31ST AV,1462031,BP APPROVED,2016-09-09
N201303212727,2,1,2,1,4616 03RD ST,5306025,CONSTRUCTION,2015-08-19
N201605278673,9,3,0,0,462 22ND AVE,1523031,BP FILED,2016-05-27
N201502128133,1,1,0,0,462 PRENTISS ST,5701011,BP FILED,2015-02-12
N201312265013,2,1,0,0,4621 19TH ST,2701A019,CONSTRUCTION,2016-09-27
N201506027757,2,1,0,0,463 32ND AV,1464006,BP FILED,2015-06-02
N201511122419,2,1,0,0,463 SUNRISE WY,6374028,BP ISSUED,2016-03-07
N201608195596,3,1,0,0,464 34TH AV,1465015A,BP FILED,2016-08-19
N201407171522,2,1,0,0,466 VERNON ST,6994039,CONSTRUCTION,2016-07-19
N201503039823,2,1,0,0,466 VICTORIA ST,7008038,CONSTRUCTION,2016-04-28
N201512094600,28,28,0,0,469 EDDY ST,0337014A,PL APPROVED,2016-05-12
N200703025289,2,1,0,0,469 RAYMOND AV,6244036,BP REINSTATED,2012-02-29
N201604286003,3,1,0,0,470 11TH AV,1534027,BP FILED,2016-04-28
N201301298999,3,2,0,0,471 24TH AV,1456013,BP REINSTATED,2013-02-20
N201604124546,2,1,0,0,476 NOE ST,3582014,BP FILED,2016-04-12
N201302281136,1,1,0,0,477 EUCALYPTUS DR,7295018,BP ISSUED,2015-06-04
N201609218455,2,2,0,0,479 28TH ST,6612032,BP FILED,2016-09-21
N201505136260,5,5,0,0,481 TEHAMA ST,3732080,BP FILED,2015-05-13
N201503120626,2,1,0,0,4820 FULTON ST,1667024,CONSTRUCTION,2016-09-15
N201602179855,2,1,0,0,483 FAXON AV,6939001B,BP FILED,2016-02-17
N201602018430,2,1,0,0,489 30TH ST,6652026,BP FILED,2016-02-01
N201507222207,2,1,0,0,49 NAGLEE AV,7098001,CONSTRUCTION,2016-08-05
N201609168034,1,1,0,0,49 SUSSEX ST,6729067,BP FILED,2016-09-16
N201510270912,63,63,0,0,490 JAMESTOWN AV (BLDG 2),5000001,BP FILED,2015-10-27
N201510270913,71,71,0,0,490 JAMESTOWN AV (BLDG 3),5000001,BP FILED,2015-10-27
N201510270914,81,81,0,0,490 JAMESTOWN AV (BLDG 4),5000001,BP FILED,2015-10-27
N201510270915,58,58,0,0,490 JAMESTOWN AV (BLDG 5),5000001,BP FILED,2015-10-27
N201510270916,55,55,0,0,490 JAMESTOWN AV (BLDG 6),5000001,BP FILED,2015-10-27
N201010052342,84,84,12,12,490 SOUTH VAN NESS AV,3553008,BP ISSUED,2015-06-01
N201606018855,2,1,0,0,50 BRIDGEVIEW DR,5337033,BP FILED,2016-06-01
N201012227259,34,34,0,0,495 CAMBRIDGE ST,5992A060,BP FILED,2010-12-22
N201412294552,2,1,0,0,497 CAMPBELL AV,6208027,BP FILED,2014-12-29
N201605278561,3,1,0,0,4971 17TH ST,1289058,BP FILED,2016-05-27
N201609208248,174,174,0,0,5 THOMAS MELLON CIRCLE,4991075,BP FILED,2016-09-20
N201609208258,133,133,0,0,5 THOMAS MELLON CIRCLE,4991075,BP FILED,2016-09-20
N201609208257,113,113,0,0,5 THOMAS MELLON CIRCLE,4991075,BP FILED,2016-09-20
N201609208247,90,90,0,0,5 THOMAS MELLON CIRCLE,4991075,BP FILED,2016-09-20
N201609208256,76,76,0,0,5 THOMAS MELLON CIRCLE,4991075,BP FILED,2016-09-20
N201501297021,1,1,0,0,524 HICKORY ST,0829024,BP FILED,2015-01-29
N201511303659,1,1,0,0,50 GOULD ST,5463001G,BP FILED,2015-11-30
N201409055540,3,1,0,0,500 19TH AV,1561038A,BP ISSUED,2016-04-15
N201602109261,8,4,0,0,500 BARTLETT ST,6569018,BP FILED,2016-02-10
N201307303164,2,1,0,0,5000 MISSION ST,6968008,CONSTRUCTION,2016-09-23
N201603081509,1,1,0,0,501 NORIEGA ST,2036B010,BP FILED,2016-03-08
N201505297549,59,59,0,0,502 07TH ST,3780001,BP FILED,2015-05-29
N201603283243,11,1,0,0,505 CHURCH ST,3579022,BP FILED,2016-03-28
N201412194158,2,2,0,0,531 33RD AV,1511005,BP FILED,2014-12-19
N201006104250,61,61,9,9,5050 MISSION ST,6969001,CONSTRUCTION,2016-05-27
N201411040625,2,1,0,0,508 GARFIELD ST,6994020,BP FILED,2014-11-04
N201512185520,6,6,0,0,5118-5122 03RD ST,5358005A,BP FILED,2015-12-18
N201510230626,4,4,0,0,657 VALENCIA ST,3576061,BP FILED,2015-10-23
N201602058989,2,1,0,0,512 16TH AV,1558042,BP FILED,2016-02-05
N201602250572,4,2,0,0,515 02ND AV,1545004,BP FILED,2016-02-25
N201504305019,3,1,0,0,515 04TH AV,1547004,BP FILED,2015-04-30
N201605137455,2,1,0,0,52 LANDERS ST,3544038,BP FILED,2016-05-13
N201310310802,2,1,0,0,522 08TH AV,1550045,BP ISSUED,2015-03-12
N201608114752,2,1,0,0,525 42ND AV,1502002A,BP FILED,2016-08-11
N201406188773,179,179,25,25,525 HARRISON ST,3764063,PL APPROVED,2015-09-24
N201209200264,1,1,0,0,526 HICKORY ST,0829023,CONSTRUCTION,2015-01-21
N201205220992,2,1,0,0,526 UTAH ST,4013007,BP ISSUED,2013-11-19
N201112301504,2,2,0,0,534 TEXAS ST,4101004,BP APPROVED,2016-08-30
N201412234434,3,1,0,0,53 DOUGLASS ST,2623039,BP FILED,2014-12-23
N201507222196,1,1,0,0,53 LEDYARD ST,5395042,BP FILED,2015-07-22
N201305096539,2,1,0,0,53 MANZANITA AV,1043009,BP ISSUED,2014-08-21
N201503060173,3,1,0,0,53 MIGUEL ST,6665049,BP FILED,2015-03-06
N201503090286,1,1,0,0,532 NATOMA ST,3726062,CONSTRUCTION,2016-09-19
N201502128193,5,1,0,0,534 - 536 NATOMA ST,3726063,BP ISSUED,2016-05-06
N201512316234,2,1,0,0,534 11TH AV,1553036,BP FILED,2015-12-31
N201604064070,1,1,0,0,534 LELAND AV,6243009,BP FILED,2016-04-06
N200608179803,2,1,0,0,536 40TH AV,1505027,CONSTRUCTION,2014-02-04
N201604154845,2,1,0,0,538 MISSISSIPPI ST,4102007,BP FILED,2016-04-15
N201604205217,2,1,0,0,539 07TH AV,1550009,BP FILED,2016-04-20
N201407252175,2,1,0,0,54 NAPLES ST,5949008,BP ISSUED,2015-03-26
N201502107867,17,17,0,0,540 DE HARO ST,4008002,BP FILED,2015-02-10
N200806275522,41,41,4,4,5400 GEARY BL,1450008,CONSTRUCTION,2016-04-25
N201305156961,2,1,0,0,546 34TH AV,1511034,CONSTRUCTION,2016-05-09
N201407171519,2,1,0,0,547 VICTORIA ST,6992012,BP FILED,2014-07-17
N201604285985,2,1,0,0,549 CONNECTICUT ST,4100004D,BP ISSUED,2016-06-13
N201508134164,2,1,0,0,549 VISITACION AV,6308005D,BP ISSUED,2016-06-20
N201511092111,313,313,0,0,55 CHUMASERO DR,7330001,BP FILED,2015-11-09
N201503191389,2,1,0,0,550 07TH AV,1549034,BP ISSUED,2016-04-20
N201602189869,12,12,0,0,550 INDIANA ST,3998021,BP FILED,2016-02-18
N201605066810,6,0,0,0,550 OCTAVIA ST,0808019,BP FILED,2016-05-06
N201501226464,2,1,0,0,579 MIRAMAR AV,3175003,BP APPROVED,2015-12-14
N201305036062,139,139,17,17,555 FULTON ST,0794028,CONSTRUCTION,2016-09-30
N201602089074,3,1,0,0,829 YORK ST,4088024,BP FILED,2016-02-08
N201308235132,2,1,0,0,56 LUCY ST,5410008,CONSTRUCTION,2015-05-26
N201108263406,2,2,0,0,560 ROOSEVELT WY,2628026,CONSTRUCTION,2016-09-20
N201603172366,4,4,0,0,5617 GEARY BL,1524039,BP FILED,2016-03-17
N200810295438,2,1,0,0,563 34TH AV,1510013,BP ISSUED,2010-07-01
N201505287406,2,1,0,0,566 34TH AV,1511029,BP FILED,2015-05-28
N201506259899,2,1,0,0,566 HURON AV,7064006B,BP ISSUED,2016-06-01
N201604205247,2,1,0,0,57 CHATTANOOGA ST,3619074,BP FILED,2016-04-20
N201505085806,2,1,0,0,57 COUNTRY CLUB DR,7277024,BP FILED,2015-05-08
N201604114404,1,1,0,0,570 INDIANA ST,3998017,BP FILED,2016-04-11
N200602023710,47,47,6,6,570 JESSIE ST,3703086,CONSTRUCTION,2016-06-16
N201305298089,2,1,0,0,571 21ST AV,1564013,CONSTRUCTION,2016-09-30
N201410098562,7,5,0,0,5739 MISSION ST,6473039,PL FILED,2016-09-08
N201502128257,2,1,0,0,575 ATHENS ST,6092018,BP FILED,2015-02-12
N201307151829,2,2,0,0,579 39TH AV,1505014,CONSTRUCTION,2016-08-18
N201306149612,2,2,0,0,80 BLAKE ST,1068003,CONSTRUCTION,2016-08-16
N201402269324,2,2,0,0,580 DE HARO ST,4008003,BP APPROVED,2016-08-30
N201402269331,2,2,0,0,580 DE HARO ST,4008003,BP APPROVED,2016-08-30
N201402269332,2,2,0,0,580 DE HARO ST,4008003,BP ISSUED,2016-09-23
N201402269328,2,2,0,0,580 DE HARO ST,4008003,BP APPROVED,2016-08-30
N201402269329,2,2,0,0,580 DE HARO ST,4008003,BP APPROVED,2016-08-30
N201402269327,1,1,0,0,580 DE HARO ST,4008003,BP ISSUED,2016-09-23
N201402269330,1,1,0,0,580 DE HARO ST,4008003,BP ISSUED,2016-09-23
N201312093685,29,29,0,0,580 HAYES ST,0807010,CONSTRUCTION,2016-09-02
N201605268531,2,1,0,0,583 22ND AV,1565012,BP FILED,2016-05-26
N201312315336,3,2,0,0,5875 MISSION ST,6472022,BP FILED,2013-12-31
N201603222710,2,2,0,0,589 TEXAS ST,4102051,BP FILED,2016-03-22
N201404254156,5,5,0,0,590 LELAND AV,6243019,BP FILED,2014-04-25
N201411181853,3,1,0,0,5921 CALIFORNIA ST,1412030,BP FILED,2014-11-18
N201508063607,20,20,0,0,595 MARIPOSA ST,3995022,PL APPROVED,2015-09-24
N201505126076,1,1,0,0,6 BONVIEW ST,5613063,BP FILED,2015-05-12
N201511021415,2,1,0,0,60 NORTON ST,3148014A,BP ISSUED,2016-05-09
N201404173481,1,1,0,0,60 SANTA BARBARA AV,7173011,CONSTRUCTION,2016-07-20
N201401136108,27,27,4,4,600 SOUTH VAN NESS AV,3575070,CONSTRUCTION,2016-09-27
N201410068159,2,1,0,0,601 29TH ST,7537001,CONSTRUCTION,2016-08-03
N201602260667,24,24,0,0,603 TENNESSEE ST,3995015,BP FILED,2016-02-26
N201409055492,3,3,0,0,6044 GEARY BL,1456023,CONSTRUCTION,2016-08-26
N201207104487,2,1,0,0,605 KEARNY ST,0226007,CONSTRUCTION,2012-08-17
N201606291227,20,20,0,0,606 CAPP ST,3615055,BP FILED,2016-06-29
N201501165971,2,1,0,0,607 34TH AV,1577001A,BP FILED,2015-01-16
N201601227754,2,0,0,0,607 HAIGHT ST,0861035,BP ISSUED,2016-08-15
N201106279018,2,1,0,0,609 26TH AV,1569002,CONSTRUCTION,2014-05-27
N201503060214,2,1,0,0,611 39TH AV,1582001B,BP FILED,2015-03-06
N201512316260,1,1,0,0,612 NATOMA ST,3727043,PL FILED,2016-07-14
N201309126618,2,1,0,0,618 17TH AV,1628028,BP ISSUED,2015-06-29
N201504244599,2,1,0,0,618 EXCELSIOR AV,6020033A,CONSTRUCTION,2016-07-01
N201607283565,1,1,0,0,62 VERNON ST,7120036,BP FILED,2016-07-28
N201512185544,3,1,0,0,658 ELIZABETH ST,2804017,CONSTRUCTION,2016-09-01
N201606200415,2,1,0,0,624 HAMPSHIRE ST,4024003,BP FILED,2016-06-20
N201609167993,1,1,0,0,6256 03RD ST,5461015,BP FILED,2016-09-16
N201410169094,1,1,0,0,628 29TH ST,7536010,BP APPROVED,2016-05-05
N201504022691,3,1,0,0,628 IVY ST,0805034,BP ISSUED,2016-06-10
N201603081451,3,3,0,0,630 NATOMA ST,3727049,BP FILED,2016-03-08
N201507020528,6,6,0,0,6335 03RD ST,4968036,BP FILED,2015-07-02
N201601227749,2,1,0,0,636 CAROLINA ST,4071006,BP FILED,2016-01-22
N201605318786,9,0,0,0,636 OCTAVIA ST,0793021,BP FILED,2016-05-31
N201404304602,2,1,0,0,6423 CALIFORNIA ST,1407046,BP FILED,2014-04-30
N201512316257,17,17,0,0,6424 3RD ST / 1088 KEY AV,5470002,PL FILED,2015-12-31
N201503050103,9,9,0,0,645 - 647 VALENCIA ST,3576062,BP FILED,2015-03-05
N201411040618,2,1,0,0,718 17TH AV,1659041,BP FILED,2014-11-04
N201111179087,1,1,0,0,645 DUNCAN ST,6604039,CONSTRUCTION,2016-04-29
N201408184086,2,1,0,0,645 FAXON AV,3191004,BP ISSUED,2015-05-20
N201312093691,94,94,11,11,645 TEXAS ST,4102026,CONSTRUCTION,2016-09-30
N201407181635,1,1,0,0,647 DUNCAN ST,6604038,BP FILED,2014-07-18
N201312244989,121,121,16,16,650 INDIANA ST (BLDG 1 OF 2),4041009,BP ISSUED,2014-12-24
N201312244992,55,55,16,16,650 INDIANA ST (BLDG 2 OF 2),4041009,CONSTRUCTION,2016-09-30
N201602099171,89,89,0,0,655 FOLSOM ST,3750050,BP FILED,2016-02-09
N201501085203,9,5,0,0,657 CAPP ST,3615047,BP ISSUED,2016-02-24
N201511233353,1,1,0,0,11 HILIRITAS AV,7552026,BP FILED,2015-11-23
N201303263083,3,1,0,0,659 GUERRERO ST,3588056,BP FILED,2013-03-26
N201608245890,3,1,0,0,6619 CALIFORNIA ST,1405001,BP FILED,2016-08-24
N201603182471,3,3,0,0,668 GUERRERO ST,3587011,BP FILED,2016-03-18
N201303071745,2,1,0,0,680 SPRUCE ST,1066030,BP ISSUED,2016-08-29
N201209200274,4,4,0,0,685 FLORIDA ST,4022022,CONSTRUCTION,2016-07-26
N201510200292,1,1,0,0,771 SILVER AV,5898035,BP FILED,2015-10-20
N201208207720,1,1,0,0,69 GARCIA AV,2936A001D,BP FILED,2012-08-20
N201607142411,1,1,0,0,69 HENRY ST,3541083,BP FILED,2016-07-14
N201412194144,81,24,0,0,690 MARKET ST,0311016,CONSTRUCTION,2016-08-03
N201305217457,12,12,1,1,690 PAGE ST,0843016,CONSTRUCTION,2016-05-23
N201602190032,2,2,0,0,690 TENNESSEE ST,3996006,BP FILED,2016-02-19
N201604185025,2,1,0,0,694 TENNESSEE ST,3996007,BP FILED,2016-04-18
N201505085770,1,1,0,0,7 EDGAR AV,6978075,BP FILED,2015-05-08
N200908255545,5,5,0,0,70 CRESTLINE DR,2845005,BP ISSUED,2013-05-15
N200809262781,6,6,0,0,700 36TH AV,1609021F,BP ISSUED,2016-04-07
N201312043311,1,1,0,0,701 SILVER AV,5896022,CONSTRUCTION,2015-12-15
N201406067695,3,3,0,0,701 TARAVAL ST,2408001,BP APPROVED,2015-12-07
N201312204747,185,185,0,0,706 MISSION ST,3706093,BP ISSUED,2015-10-27
N200611036814,2,1,0,0,71 BISHOP ST,6168012,BP ISSUED,2009-12-31
N201608266121,2,1,0,0,71 CURTIS ST,6464037,BP FILED,2016-08-26
N201605036398,3,2,0,0,711 CORBETT AV,2755017C,BP FILED,2016-05-03
N201601147159,2,1,0,0,715 COMMERCIAL ST,0226026,BP ISSUED,2016-05-26
N201405296933,6,2,0,0,716 CLEMENTINA ST,3729042,CONSTRUCTION,2016-06-24
N201602018544,3,1,0,0,721 32ND AV,1612003,BP FILED,2016-02-01
N201607253286,7,4,0,0,726 PRESIDIO AV,1055013,BP FILED,2016-07-25
N201602038696,10,6,0,0,727 - 731 NATOMA ST,3728032,BP FILED,2016-02-03
N201604084287,2,1,0,0,727 GRAFTON AV,7013001D,BP FILED,2016-04-08
N201605127280,5,0,0,0,728 COLE ST,1252037,BP FILED,2016-05-12
N201308225028,3,1,0,0,735 CLAYTON ST,1253009,BP ISSUED,2015-09-01
N201401317585,1,1,0,0,74 BLAKE ST,1068004,CONSTRUCTION,2015-07-08
N201411191947,1,1,0,0,116 ELSIE ST,5618007,BP ISSUED,2016-08-02
N201604195131,2,1,0,0,747 48TH AV,1596009,BP FILED,2016-04-19
N200612159955,2,1,0,0,749 WISCONSIN ST,4098027,BP FILED,2006-12-15
N201606281077,30,30,0,0,75 ARKANSAS ST,3952001B,PL APPROVED,2016-10-06
N201604013681,120,120,0,0,75 HOWARD ST,3741031,BP APPROVED,2016-09-28
N201506290164,2,2,0,0,75 LELAND AV,6250007B,BP FILED,2015-06-29
N201506239703,17,7,0,0,750 14TH ST,3537025,BP APPROVED,2016-09-09
N201402047760,2,2,0,0,8 RONDEL PL,3569052,BP FILED,2014-02-04
N201602230301,79,79,9,9,750 HARRISON ST,3751029,BP ISSUED,2016-08-19
N201607192782,4,0,0,0,752 VALLEJO ST,0130012,BP FILED,2016-07-19
N201410027943,2,1,0,0,80 OLIVER ST,6472008,BP FILED,2014-10-02
N201409267378,2,1,0,0,76 BRUCE AV,6946019,BP FILED,2014-09-26
N201409025180,3,1,0,0,763 05TH AV,1648012,BP FILED,2014-09-02
N201505297474,5,3,0,0,767 TEHAMA ST,3729063,BP FILED,2015-05-29
N201406269588,26,26,0,0,768 HARRISON ST,3751033,BP FILED,2014-06-26
N201602169700,3,2,0,0,776 HAIGHT ST,0846018,BP FILED,2016-02-16
N201006023692,3,1,0,0,81 NOE ST,3538036,BP APPROVED,2012-10-01
N201507141485,59,59,8,8,777 TENNESSEE ST,4044013,BP APPROVED,2016-04-25
N201310310847,3,3,0,0,777 VALENCIA ST,3589108,BP ISSUED,2015-12-08
N201609016639,2,1,0,0,78 LEE AV,7020032,BP APPROVED,2016-09-02
N201603010912,2,1,0,0,78 NEY ST,5892032,CONSTRUCTION,2016-08-17
N201403170852,3,1,0,0,787 TREAT AV,3612017A,BP ISSUED,2016-01-13
N201608185406,3,1,0,0,788 GREEN ST,0118025,BP FILED,2016-08-18
N201602058918,2,1,0,0,789 37TH AV,1607011D,BP FILED,2016-02-05
N201409196883,1,1,0,0,799 CASTRO ST,3603024,BP FILED,2014-09-19
N201011305795,9,9,0,-1,80 JULIAN AV,3547027,BP ISSUED,2011-10-27
N201406259383,326,326,0,0,800 INDIANA ST,4105009,CONSTRUCTION,2016-09-29
N201204168406,83,83,83,83,800 PRESIDIO AV,1073013,CONSTRUCTION,2016-09-26
N201309045886,557,557,55,55,801 BRANNAN ST,3783001,CONSTRUCTION,2016-09-29
N201306280702,2,1,0,0,807 BOSWORTH ST,6758032,CONSTRUCTION,2016-09-21
N201412163783,5,5,0,0,888 NORTH POINT ST,0025024,BP ISSUED,2016-02-11
N201304225124,2,1,0,0,81 GLOVER ST,0151029,BP FILED,2013-04-22
N201506290158,4,4,0,0,81 LELAND AV,6250030,BP FILED,2015-06-29
N201210172213,5,1,0,0,811 CAPP ST,3642062,BP ISSUED,2015-11-20
N201505287452,7,2,0,0,811 TREAT AV,3613053,BP ISSUED,2016-03-03
N201505075705,3,2,0,0,813 LYON ST,1150005,BP FILED,2015-05-07
N201405054911,88,88,10,10,815 TENNESSEE ST,4059001A,BP ISSUED,2016-06-15
N201605036396,3,3,0,0,818 INNES AV,4645002B,BP FILED,2016-05-03
N201609087075,1,1,0,0,819 FRANCISCO ST,0048018,BP FILED,2016-09-08
N201503110498,2,1,0,0,824 FLORIDA ST,4085003,BP FILED,2015-03-11
N201409095796,2,1,0,0,827 34TH AV,1677004,BP ISSUED,2016-03-07
N201312134211,1,1,0,0,830 EL CAMINO DEL MAR,1312022,BP FILED,2013-12-13
N201411040616,1,1,0,0,831 CHENERY ST,6738020,BP ISSUED,2016-04-25
N201609066883,2,1,0,0,833 YORK ST,4088022,BP FILED,2016-09-06
N201412113579,3,3,0,0,835 SOUTH VAN NESS AV,3594023,BP FILED,2014-12-11
N200709072126,2,1,0,0,836 48TH AV,1690032,BP REINSTATED,2011-11-08
N201503191386,3,1,0,0,844 33RD AV,1675016,BP ISSUED,2016-08-03
N201505136226,3,1,0,0,846 38TH AV,1680028,BP FILED,2015-05-13
N201505227052,2,1,0,0,851 46TH AV,1689013,BP FILED,2015-05-22
N201404183603,2,1,0,0,852 GREEN ST,0119017,BP APPROVED,2016-07-25
N201602250467,3,1,0,0,853 LOMBARD ST,0073018B,CONSTRUCTION,2016-09-29
N201502138349,6,6,0,0,854 CAPP ST,3642041,BP FILED,2015-02-13
N201607283688,10,4,0,0,859 VALLEJO ST,0148022,BP FILED,2016-07-28
N201503029743,2,1,0,0,868 DUNCAN ST,7518081,BP FILED,2015-03-02
N201407302502,2,2,0,0,870 INNES AV,4645017,BP ISSUED,2015-08-27
N201511132623,1,1,0,0,870 UNION ST,0100020,BP FILED,2015-11-13
N200711289065,2,1,0,0,874 30TH AV,1672018,BP ISSUED,2009-01-26
N201603091627,44,44,0,0,875 CALIFORNIA ST / 770 POWELL ST,0256016,BP FILED,2016-03-09
N201402118267,2,1,0,0,891 CAROLINA ST,4097027,BP FILED,2014-02-11
N200712311569,50,4,0,0,875 POST ST,0303014,BP ISSUED,2012-07-20
N201511021443,127,127,25,25,88 ARKANSAS ST,3953002,PL APPROVED,2016-03-03
N201408012759,2,1,0,0,88 LE CONTE CR,4991264,BP FILED,2014-08-01
N201405307105,1,1,0,0,88 MONTCALM ST,5529012,CONSTRUCTION,2016-09-02
N201604225460,2,1,0,0,88 SYLVAN DR,7250027,BP FILED,2016-04-22
N200007124940,2,1,0,0,886 DE HARO ST,4095015,BP FILED,2016-09-23
N201308235158,1,1,0,0,89 BELGRAVE AV,2688072,CONSTRUCTION,2016-08-10
N201204249018,2,2,0,0,896 DE HARO ST,4095018,CONSTRUCTION,2016-08-23
N201506229589,1,1,0,0,9 JOY ST,5577004,BP FILED,2015-06-22
N201603253090,1,1,0,0,900 CLEMENT ST,1423047,BP FILED,2016-03-25
N201604285990,44,44,6,6,901 TENNESSEE ST,4108017,BP REINSTATED,2016-05-06
N201507091102,4,4,0,0,905 GENEVA AV,6410010,BP FILED,2015-07-09
N201203146037,2,2,0,0,906 CORTLAND AV,5683012,CONSTRUCTION,2016-08-22
N201303122050,2,2,0,0,910 CAROLINA ST,4160003,BP REINSTATED,2016-01-15
N201602190104,44,44,5,5,915 - 935 MINNA ST,3510058,BP FILED,2016-02-19
N201512235837,2,1,0,0,917 CENTRAL AV,1149004,BP FILED,2015-12-23
N201609299121,2,1,0,0,918 GRANT AV,0194013,BP FILED,2016-09-29
N201311202410,115,115,14,14,923 FOLSOM ST,3753106,CONSTRUCTION,2016-09-21
N201407020336,9,9,0,0,925 KANSAS ST (4 OF 5 BLDG),4094048,BP FILED,2014-07-02
N201601298420,2,1,0,0,926 EDINBURGH ST,6406002,BP ISSUED,2016-09-16
N201603303516,2,1,0,0,929 DIAMOND ST,6539024,BP FILED,2016-03-30
N201407020335,2,2,0,0,929 KANSAS ST (3 OF 5 BLDG),4094047,BP FILED,2014-07-02
N201506017714,3,1,0,0,93 SATURN ST,2646032,BP ISSUED,2016-05-25
N201407020334,2,2,0,0,931 KANSAS ST (2 OF 5 BLDG),4094046,BP FILED,2014-07-02
N201407020323,2,2,0,0,935 KANSAS ST (1 OF 5 BLDG),4094045,BP FILED,2014-07-02
N201510281089,95,95,11,11,950 GOUGH ST,0744010,BP FILED,2015-10-28
N201410249874,2,1,0,0,938 SANTIAGO ST,2329008,BP FILED,2014-10-24
N201502178455,3,1,0,0,978 - 980 GUERRERO ST,3618092,BP FILED,2015-02-17
N201407020333,1,1,0,0,939 KANSAS ST (5 OF 5 BLDG),4094044,BP FILED,2014-07-02
N201508073719,2,1,0,0,943 YORK ST,4143029,BP FILED,2015-08-07
N201511203195,2,1,0,0,947 INNES AV,4653016,BP FILED,2015-11-20
N201410108646,6,6,0,0,949 NATOMA ST,3510028,BP ISSUED,2016-08-02
N201602089004,316,316,0,0,950 - 974 MARKET ST,0342001,BP FILED,2016-02-08
N201605167516,63,5,0,0,952 SUTTER ST,0280011,BP FILED,2016-05-16
N201505085755,1,1,0,0,1 EDGAR AV,6978069,BP FILED,2015-05-08
N201511041763,4,4,0,0,953 TREAT AV,3639028,BP FILED,2015-11-04
N201501216187,2,1,0,0,963 ALABAMA ST,4146025,BP FILED,2015-01-21
N201609147741,2,0,0,0,964 - 966 OAK ST,0825010,BP FILED,2016-09-14
N201405216382,4,4,0,0,965 POWHATTAN AV,5640010,BP FILED,2014-05-21
N201408224556,3,1,0,0,969 OAK ST,0845027,BP FILED,2014-08-22
N201503029757,2,1,0,0,972 RUTLAND ST,6304014,BP FILED,2015-03-02
N201503130811,3,3,0,0,974 GENEVA AV,6411034,BP APPROVED,2016-09-19
N201412294591,38,38,4,4,980 FOLSOM ST,3732028,BP FILED,2014-12-29
N201405064989,7,1,0,0,987 DOLORES ST,3631017,CONSTRUCTION,2016-08-10
N201608245833,11,8,0,0,987 VALENCIA ST,3609027,BP FILED,2016-08-24
N201002035833,3,1,0,0,990 GUERRERO ST,3618071,CONSTRUCTION,2016-08-22
N201607111961,50,50,8,8,992 PERALTA AV,5696036,BP FILED,2016-07-11
N201307313282,1,1,0,0,1055 ASHBURY ST,1269167,CONSTRUCTION,2016-03-23
N201209109355,1,1,0,0,1014 GILMAN AV,4937018,CONSTRUCTION,2016-08-09
N201603172392,1600,994,0,0,HOPE SF POTRERO,4167004,PL FILED,2010-06-30
N201408133775,198,198,0,0,MISSION BAY BLOCK 1 (RESIDENTIAL) 03RD,8715004,CONSTRUCTION,2016-09-27
N201408133766,152,152,0,0,MISSION BAY BLOCK 1 (RESIDENTIAL) CHANNEL,8715004,CONSTRUCTION,2016-09-07
N201404042522,200,200,0,0,MISSION BAY BLOCK 7,8711031,CONSTRUCTION,2016-09-01
N201510301303,112,112,0,0,OCEANWIDE (FIRST ST TOWER),3708055,BP FILED,2014-06-04
N201510301302,153,153,0,0,OCEANWIDE (MISSION ST TOWER),3708012,BP FILED,2014-06-04
N201211284953,28,28,11,11,ONE CAPITOL AV,7148040,CONSTRUCTION,2016-07-01
N201605066751,112,112,108,108,PARCEL O,0831024,BP FILED,2016-05-06
N201112070227,470,470,0,0,POTRERO1010 (BLDG 1 OF 2),3833001,CONSTRUCTION,2016-05-26
N201406259481,390,390,141,141,TRANSBAY BLOCK 1,3740030,BP FILED,2014-06-25
N201406249199,85,85,85,85,TRANSBAY BLOCK 7,3738004,CONSTRUCTION,2016-08-15
N201503110506,545,545,0,0,TRANSBAY BLOCK 9,3736120,BP ISSUED,2016-02-18
N201209069080,550,550,83,83,"TRINITY PLAZA, PHASE III",3702391,CONSTRUCTION,2015-12-21
N201511203265,501,501,74,74,"TRINITY PLAZA, PHASE IV",3702308,BP FILED,2015-11-20
N201306250394,560,560,0,0,1 HENRY ADAMS ST,3911001,CONSTRUCTION,2016-04-07
N201409247165,2,1,0,0,1 HORACE ST,6525001A,BP FILED,2014-09-24
N200712140534,13,13,0,0,1 STANYAN ST,1084001B,BP ISSUED,2016-06-15
N201507091034,2,2,0,0,10 TINGLEY ST,6800004,BP FILED,2015-07-09
N201508144364,1,1,0,0,100 ALPINE TER,2609066,PL FILED,2015-03-12
N201507091106,5,1,0,0,100 TERRA VISTA AV,1104001,BP FILED,2015-07-09
N201607122139,1,1,0,0,1000 - 1020 BROADWAY (BLDG 1 OF 3),0150054,BP FILED,2016-07-12
N201607122132,1,1,0,0,1000 - 1020 BROADWAY (BLDG 2 OF 3),0150054,BP FILED,2016-07-12
N201607122140,2,2,0,0,1000 - 1020 BROADWAY (BLDG 3 OF 3),0150054,BP FILED,2016-07-12
N201407080708,2,1,0,0,1001 CHESTNUT ST,0069020,CONSTRUCTION,2016-06-10
N201607142409,256,256,31,31,1001 VAN NESS AV,0714016,BP FILED,2016-07-14
N201510200295,6,6,0,0,1032 PACIFIC AV,0158010,BP ISSUED,2016-09-12
N200705010141,28,28,3,3,1004 MISSISSIPPI ST,4224015,BP ISSUED,2016-04-22
N201306270692,85,85,10,10,101 HYDE ST,0346003A,BP FILED,2013-06-27
N200705221925,4,3,0,0,101 LELAND AV,6250036,CONSTRUCTION,2016-01-21
N201512175322,4,4,0,0,1010 STANYAN ST,1273017,BP FILED,2015-12-17
N201506229512,2,2,0,0,1016 DE HARO ST,4159004,BP FILED,2015-06-22
N201410290258,2,1,0,0,1019 KANSAS ST,4158060,BP FILED,2014-10-29
N201411252470,3,1,0,0,102 BAKER ST,1219018,BP APPROVED,2016-09-29
N201602018496,4,1,0,0,1033 - 1037 WASHINGTON ST,0212038,BP FILED,2016-02-01
N201512316217,2,2,0,0,1058 MISSISSIPPI ST,4224022,BP FILED,2015-12-31
N201406269523,83,83,83,83,1036 - 1040 MISSION ST,3703079,BP ISSUED,2015-09-11
N200705010119,2,2,0,0,1036 MISSISSIPPI ST,4224018,BP APPROVED,2009-12-01
N201502138346,37,1,0,0,1036 POLK ST,0693015,CONSTRUCTION,2016-09-27
N200706265226,2,2,0,0,104 BACHE ST,5826002,CONSTRUCTION,2016-09-02
N201411242420,3,1,0,0,1044 JACKSON ST,0181013,BP ISSUED,2016-05-23
N201512023975,2,1,0,0,1050 GILMAN AV,4937006A,BP FILED,2015-12-02
N201012277437,15,15,0,0,1050 VALENCIA ST,3617008,CONSTRUCTION,2016-02-12
N201406128212,304,304,0,0,1066 MARKET ST,0350003,PL APPROVED,2016-03-17
N201608296230,2,1,0,0,107 17TH AV,1377002,BP FILED,2016-08-29
N201405286908,90,90,0,0,1075 MARKET ST,3703062,BP ISSUED,2016-08-15
N201412123641,2,1,0,0,1076 RHODE ISLAND ST,4158011,BP ISSUED,2016-07-12
N201407231943,2,1,0,0,108 ORSI CR,5428D037,BP FILED,2014-07-23
N201511102331,2,1,0,0,1083 HOLLISTER AV,4965029,BP FILED,2015-11-10
N201308295550,3,1,0,0,1087 MISSISSIPPI ST,4224049,BP REINSTATED,2015-10-01
N201409116118,202,202,0,0,1095 MARKET ST,3703059,CONSTRUCTION,2016-07-28
N201505085779,2,1,0,0,11 MADDUX AV,5384C013C,BP FILED,2015-05-08
N201503161018,3,3,0,0,1100 POTRERO AV,4211001,BP FILED,2015-03-17
N201607263406,5,1,0,0,111 TRENTON ST,0179032,BP FILED,2016-07-26
N201502107933,2,1,0,0,1110 YORK ST,4209002,BP ISSUED,2016-06-17
N201109215213,2,1,0,0,1115 POTRERO AV,4212011,BP APPROVED,2012-03-05
N201401307462,1,1,0,0,1117 HOWARD ST,3730118,BP ISSUED,2016-08-23
N201407292390,2,1,0,0,112 12TH AV,1371039,BP FILED,2014-07-29
N201608094515,2,1,0,0,112 YUKON ST,2713001D,BP FILED,2016-08-09
N201507232260,2,1,0,0,1121 FELTON ST,5971029,BP ISSUED,2016-06-22
N201003037492,4,1,0,0,1122 PAGE ST,1219008,BP ISSUED,2011-05-31
N200907072084,1,1,0,0,1123 GIRARD ST,6173005,BP REINSTATED,2014-01-14
N201601278140,2,1,0,0,1125 HAMPSHIRE ST,4211021,BP FILED,2016-01-27
N201505227051,3,3,0,0,115 TELEGRAPH HILL BL,0105065,BP ISSUED,2016-08-10
N201509187456,3,1,0,0,1133 TENNESSEE ST,4172028,BP FILED,2015-09-18
N201606291163,2,1,0,0,116 VIRGINIA AV,5643035,BP ISSUED,2016-09-27
N201411101145,112,112,13,13,1140 FOLSOM ST,3730015,CONSTRUCTION,2016-09-21
N201509086400,2,1,0,0,1145 BACON ST,6038036,BP APPROVED,2016-03-09
N200908144872,25,25,0,0,1145 MISSION ST,3727168,PL FILED,2014-08-21
N201511203273,54,54,0,0,1145 POLK ST,0691001,BP FILED,2015-11-20
N201506229509,3,1,0,0,1148 MONTGOMERY ST,0134025,BP FILED,2015-06-22
N201407252206,4,2,0,0,115 - 117 PLYMOUTH AV,7138056,BP ISSUED,2016-08-26
N201307252822,3,1,0,0,1150 SOUTH VAN NESS AV,3637010,BP APPROVED,2014-05-20
N201502249220,3,2,0,0,1152 POTRERO AV,4211011,PL FILED,2015-12-16
N201605318684,2,1,0,0,1153 CAPP ST,6571017,BP FILED,2016-05-31
N201502047491,18,3,0,0,1160 PINE ST,0252011,BP FILED,2015-02-04
N201410280026,2,1,0,0,1167 PALOU AV,4757047,BP FILED,2014-10-28
N200803288274,1,1,0,0,1167 STANYAN ST,2630017,BP ISSUED,2013-09-25
N200803288288,2,2,0,0,1169 STANYAN ST,2630018,BP ISSUED,2013-09-25
N201508265383,42,42,0,0,1174 - 1178 FOLSOM ST,3730023,BP ISSUED,2016-07-18
N201403100278,3,1,0,0,1181 VALENCIA ST,3636027,CONSTRUCTION,2016-07-18
N201511102336,2,1,0,0,1187 PALOU AV,4757014,BP FILED,2015-11-10
N201406249298,39,39,0,0,119 07TH ST,3726103,BP ISSUED,2015-05-11
N201402067966,1,1,0,0,119 VERNON ST,7085017,BP FILED,2014-02-06
N201601227793,2,1,0,0,1192 NAPLES ST,6482021,BP ISSUED,2016-08-23
N200710155355,2,1,0,0,1196 HAMPSHIRE ST,4210013,CONSTRUCTION,2013-07-03
N201507141495,52,52,0,0,1198 VALENCIA ST,3635014,BP ISSUED,2016-06-10
N201605177697,3,1,0,0,1199 DOLORES ST,6511018,BP FILED,2016-05-17
