PERMIT_ID,UNITS,NET_UNITS,AFF_UNITS,NET_AFF_UNITS,NAMEADDR,APN,BESTSTAT,BESTDATE,LOCATION
N200905289263,2,1,0,0,473 11th Av,1533017,BP Filed,2009-05-28,"(37.779254999999999, -122.46985100000001)"
N201210313210,9,9,0,0,1469 Pacific Av,185029,PL Filed,2013-07-10,"(37.795060900000003, -122.419425)"
N200712311569,50,4,0,0,875 Post St,303014,BP ISSUED,2012-07-20,"(37.787210399999999, -122.41626650000001)"
N201011295645,1,1,0,0,721 Beach St,25017,BP REINSTATED,2013-04-24,"(37.806527500000001, -122.4210125)"
N201306149565,20,20,0,0,1255- 1275 Columbus Av,28014,BP Filed,2013-06-14,"(37.805774599999999, -122.4181777)"
N200712170659,2,2,0,0,377 Bay St,41039,BP Filed,2007-12-17,"(37.805585200000003, -122.4131654)"
N200809262740,2,1,0,0,2626 Larkin St,69011,CONSTRUCTION,2013-06-21,"(37.802238000000003, -122.42105100000001)"
N200812319407,3,2,0,0,30 Edith St,77004,BP ISSUED,2013-12-09,"(37.802836399999997, -122.4085997)"
N200908124639,18,18,0,0,1741 Powell St,101004,BP APPROVED,2012-11-02,"(37.800766600000003, -122.41099060000001)"
N200709193055,3,1,0,0,1812 Taylor St,119025,BP ISSUED,2011-07-13,"(37.799124599999999, -122.4138928)"
N200712281517,3,1,0,0,414 Vallejo St,133012,CONSTRUCTION,2012-12-13,"(37.799306999999999, -122.404422)"
N201105166063,75,75,0,0,235 Broadway,165021,CONSTRUCTION,2014-01-02,"(37.798507499999999, -122.4016044)"
N200608290880,35,35,0,0,1080 Sutter St,279011,CONSTRUCTION,2013-04-24,"(37.788226399999999, -122.41804070000001)"
N201301238536,65,65,0,0,620 Sutter St,283004A,BP Filed,2013-01-23,"(37.789091800000001, -122.41055110000001)"
N200912243842,17,1,0,0,693 Sutter St,297009,CONSTRUCTION,2013-01-03,"(37.788662899999999, -122.41164759999999)"
N200808058406,9,9,0,0,436 Ofarrell St,317005,BP Filed,2008-08-05,"(37.786133399999997, -122.412012)"
N200605232239,9,9,0,0,130 Turk St,339006,CONSTRUCTION,2013-11-04,"(37.783413000000003, -122.411457)"
N201012156753,90,90,0,0,101 Golden Gate Av,349001,CONSTRUCTION,2013-12-30,"(37.781936000000002, -122.412374)"
N200801172733,1,1,0,0,3342 Steiner St,491020,BP Filed,2008-01-17,"(37.799483600000002, -122.43784119999999)"
N200705211788,3,1,0,0,2157 Lombard St,510029,CONSTRUCTION,2013-12-16,"(37.799470900000003, -122.43691099999999)"
N201106017181,27,27,0,0,2559 Van Ness Av,527002,CONSTRUCTION,2014-01-02,"(37.799210000000002, -122.424482)"
N200706255058,7,4,0,0,1662-1664 Union St.,528008,BP Filed,2007-06-25,"(37.798317900000001, -122.4266607)"
N200707025741,2,1,0,0,2237 Polk St,550004,BP Filed,2007-07-02,"(37.797485999999999, -122.422348)"
N201110146841,38,38,0,0,1645-1661 Pacific Av,595013,CONSTRUCTION,2013-12-31,"(37.794804999999997, -122.42231700000001)"
N201312033256,107,107,0,0,1545 Pine St,667016,BP Filed,2013-12-03,"(37.789451800000002, -122.4212491)"
N201207104447,98,98,0,0,1100 Golden Gate Av,757025,BP ISSUED,2013-06-26,"(37.780004699999999, -122.428684)"
N201312093685,29,29,0,0,580 Hayes St,807010,BP Filed,2013-12-09,"(37.776676999999999, -122.42622780000001)"
N201204168406,50,50,0,0,800 Presidio Av,1073013,BP Filed,2012-04-16,"(37.784109000000001, -122.445779)"
N200703126040,2,2,0,0,476 Linden St,818020,BP ISSUED,2012-08-30,"(37.776086599999999, -122.42574140000001)"
N200810013158,16,16,0,0,300 Octavia St,832025,BP Filed,2008-10-01,"(37.774853999999998, -122.4239918)"
N200810013162,16,16,0,0,360 Octavia St,832026,BP Filed,2008-10-01,"(37.775421799999997, -122.42409960000001)"
N200912032516,35,35,0,0,1 Franklin St,837003,BP Filed,2009-12-03,"(37.774456399999998, -122.420956)"
N201109074027,24,24,0,0,1600 Market St,854001,CONSTRUCTION,2013-12-30,"(37.773991199999998, -122.42106130000001)"
N201208036517,49,49,0,0,4 Octavia St,855011,CONSTRUCTION,2013-12-23,"(37.772170899999999, -122.42380009999999)"
N201012217106,115,115,0,0,1960-1998 Market St,872005,CONSTRUCTION,2013-12-19,"(37.770026000000001, -122.425974)"
N200605091174,3,1,0,0,279 26th Av,1386015,CONSTRUCTION,2012-12-20,"(37.784236, -122.48644299999999)"
N201211093966,81,81,0,0,2655 Bush St,1052024,BP REINSTATED,2013-06-27,"(37.785820999999999, -122.44077)"
N200207171660,8,8,0,0,3150 Geary Bl,1066028,CONSTRUCTION,2007-09-17,"(37.782054000000002, -122.45303800000001)"
N200702214545,3,2,0,0,1419 Broderick St,1080008,BP Filed,2007-02-21,"(37.783467999999999, -122.441515)"
N200712140534,13,13,0,0,1 Stanyan Street,1084001B,BP Filed,2007-12-14,"(37.781305500000002, -122.456298)"
N200711309388,3,3,0,0,1870 Golden Gate Av,1152017,CONSTRUCTION,2013-11-20,"(37.778590000000001, -122.44144300000001)"
N200804250691,2,1,0,0,417 Lyon St,1198004,BP ISSUED,2009-03-17,"(37.774925000000003, -122.44319)"
N200808270161,2,1,0,0,560 Central Av,1198028,CONSTRUCTION,2009-11-17,"(37.775002000000001, -122.44428000000001)"
N201111189212,3,3,0,0,2175 Hayes St,1212022,BP Filed,2011-11-18,"(37.772893000000003, -122.45206)"
N201307313282,1,1,0,0,1055 Ashbury St,1269167,BP Filed,2013-07-31,"(37.763692200000001, -122.44673830000001)"
N200806275518,2,2,0,0,339 18th Av,1450007,BP Filed,2008-06-27,"(37.780474300000002, -122.47726969999999)"
N200806275522,39,39,0,0,5400 Geary Bl,1450008,PL Approved,2013-04-25,"(37.781106999999999, -122.477592)"
N200505273609,1,1,0,0,346 22nd Av,1453033,CONSTRUCTION,2013-11-12,"(37.781271699999998, -122.481498)"
N200606295405,3,2,0,0,322 22nd Av,1453039,PL Approved,2011-03-03,"(37.781714800000003, -122.4815258)"
N200804159772,2,1,0,0,411 28th Av,1460024,BP Filed,2008-04-15,"(37.781573000000002, -122.488299)"
N200608179803,2,1,0,0,536 40th Av,1505027,BP ISSUED,2009-08-11,"(37.778616, -122.500423)"
N200808219735,2,1,0,0,2775 San Bruno Av,5450020,BP Filed,2008-08-21,"(37.726841, -122.403104)"
N200810295438,2,1,0,0,563 34th Av,1510013,BP ISSUED,2010-07-01,"(37.778405900000003, -122.494618)"
N200706143970,3,2,0,0,520 28th Av,1517030,BP ISSUED,2012-07-26,"(37.779428000000003, -122.487579)"
N200803106731,2,1,0,0,474 11th Av,1534026,BP Filed,2008-03-10,"(37.779353, -122.469202)"
N200609182560,3,2,0,0,470 08th Av,1537027,BP Filed,2006-09-18,"(37.779587200000002, -122.4662079)"
N200605222098,2,1,0,0,622 29th Av,1571015C,BP Filed,2006-05-22,"(37.777495999999999, -122.488511)"
N200707066144,2,1,0,0,623 40th Av,1583006,BP Filed,2007-07-06,"(37.776931599999998, -122.5007825)"
N200809040762,2,1,0,0,762 37th Av,1608012,BP Filed,2008-09-04,"(37.774555900000003, -122.496908)"
N200809262781,6,6,0,0,700 36th Av,1609021F,BP Filed,2008-09-26,"(37.775539999999999, -122.496011)"
N200806134390,3,3,0,0,3201 Balboa St,1611001,BP Filed,2008-06-13,"(37.7756118, -122.5018153)"
N201303071701,6,4,0,0,327 Balboa St,1640051,BP ISSUED,2013-09-09,"(37.777213199999998, -122.4624321)"
N200711198515,2,1,0,0,658 03rd Av,1642036,BP ISSUED,2013-01-25,"(37.776291000000001, -122.460387)"
N201210292956,2,1,0,0,1320 21st Av,1775044,BP ISSUED,2013-04-22,"(37.762998000000003, -122.478905)"
N200612069310,2,2,0,0,2416 30th Av,2396036,BP Filed,2006-12-06,"(37.742164500000001, -122.48743109999999)"
N200201106632,3,3,0,0,950 Corbett Av,2799013,CONSTRUCTION,2007-03-13,"(37.751832, -122.44373)"
N200711289065,2,1,0,0,874 30th Av,1672018,BP ISSUED,2009-01-26,"(37.772832999999999, -122.48925199999999)"
N200712200952,2,1,0,0,6524 Fulton St,1684002I,CONSTRUCTION,2011-06-03,"(37.772016999999998, -122.501834)"
N200612139805,3,3,0,0,4411 Cabrillo St,1688001A,BP Filed,2006-12-13,"(37.773425899999999, -122.5060854)"
N200709072126,2,1,0,0,836 48th Av,1690032,BP REINSTATED,2011-11-08,"(37.772599700000001, -122.5088171)"
N200605111391,2,2,0,0,1208 15th Av,1736033,CONSTRUCTION,2013-10-30,"(37.7653173, -122.4728932)"
N200912183521,15,15,0,0,1266 09th Av,1742043,CONSTRUCTION,2013-11-14,"(37.764675099999998, -122.4662513)"
N201108233049,273,273,0,0,55 9th St,3701064,CONSTRUCTION,2013-12-09,"(37.777096999999998, -122.415103)"
N201206293848,2,2,0,0,188 Museum Wy,2620119,BP ISSUED,2013-10-15,"(37.764132099999998, -122.4392874)"
N200607217229,2,1,0,0,614 Kirkham St,1843019,BP Filed,2006-07-21,"(37.760494999999999, -122.46750299999999)"
N200612018971,2,1,0,0,1698 10th Av,1934023,BP Filed,2006-12-01,"(37.756720899999998, -122.4666821)"
N200807035945,2,1,0,0,427 Moraga St,2039044,BP Filed,2008-07-03,"(37.756267000000001, -122.46737899999999)"
N200904065665,6,6,0,0,1701 09th Av,2040001,CONSTRUCTION,2013-01-08,"(37.756383, -122.46606199999999)"
N200708079019,10,10,0,0,2350 19th Av,2347004G,BP APPROVED,2012-11-27,"(37.7438194, -122.47562910000001)"
N200806033455,2,1,0,0,2322 21st Av,2349036,BP ISSUED,2011-11-08,"(37.744416000000001, -122.477609)"
N200712120290,3,3,0,0,3534 Taraval St,2374019,BP APPROVED,2009-02-26,"(37.741893599999997, -122.5041823)"
N201312315426,2,1,0,0,2337 Taraval St,2392037,BP Filed,2013-12-31,"(37.742111999999999, -122.491388)"
N201007146550,2,2,0,0,2115 Taraval St,2394046,BP ISSUED,2012-12-31,"(37.742221999999998, -122.488893)"
N200705010136,74,74,0,0,72 Townsend St,3789003,CONSTRUCTION,2013-11-18,"(37.781143, -122.39009299999999)"
N201305177243,24,24,0,0,376 Castro St,2623006,BP Filed,2013-05-17,"(37.762872799999997, -122.4354909)"
N200509021966,2,1,0,0,70 Douglass St,2625007A,BP Filed,2006-03-03,"(37.762803300000002, -122.4396844)"
N200803288288,2,2,0,0,1169 Stanyan St,2630018,BP ISSUED,2013-09-25,"(37.762890499999997, -122.45226580000001)"
N200407158977,1,1,0,0,1310 Stanyan St,2706035,CONSTRUCTION,2012-07-05,"(37.758529000000003, -122.4513055)"
N200803278181,1,1,0,0,125 Crown Tr,2719B003,BP Filed,2008-03-27,"(37.757702000000002, -122.446962)"
N200601132095,1,1,0,0,331 Collingwood St,2752024,BP Filed,2006-01-13,"(37.757074000000003, -122.43543699999999)"
N200711077576,1,1,0,0,83 Panorama Dr,2821010,BP APPROVED,2012-03-02,"(37.747147900000002, -122.4509959)"
N200810224853,1,1,0,0,1240 Twin Peaks Bl,2821021,BP APPROVED,2010-05-26,"(37.746445000000001, -122.45070800000001)"
N200810224855,1,1,0,0,1230 Twin Peaks Bl,2821022,BP APPROVED,2010-05-26,"(37.746442999999999, -122.450416)"
N200908255545,5,5,0,0,70 Crestline Dr,2845005,BP ISSUED,2013-05-15,"(37.7515334, -122.4461587)"
N200810315629,1,1,0,0,160 San Marcos Av,2861011,CONSTRUCTION,2013-11-21,"(37.747093, -122.465115)"
N201208207720,1,1,0,0,69 Garcia Av,2936A001D,BP Filed,2012-08-20,"(37.744012599999998, -122.4595218)"
N200609061483,1,1,0,0,1325 Portola Dr,2987A036,CONSTRUCTION,2013-12-20,"(37.739653799999999, -122.4646329)"
N200805061381,3,3,0,0,207 Los Palmos Dr,3027A001,CONSTRUCTION,2013-12-13,"(37.7358847, -122.44909060000001)"
N200810315636,13,13,0,0,1446 Ocean Av,3197010,BP Filed,2008-10-31,"(37.724297, -122.4577536)"
N200607207084,754,754,0,0,1401 Market St,3507041,CONSTRUCTION,2012-02-23,"(37.776308800000002, -122.41782790000001)"
N200807308027,2,1,0,0,49 Grace St,3509027,BP Filed,2008-07-30,"(37.775060600000003, -122.41457509999999)"
N200810315586,117,117,0,0,1415 Mission St,3510001,BP ISSUED,2013-07-22,"(37.774896499999997, -122.4159124)"
N200708109444,3,3,0,0,85 Brosnan St,3533165,BP REINSTATED,2012-03-06,"(37.768618699999998, -122.4240432)"
N201205180774,37,37,0,0,25 Dolores St,3534069,CONSTRUCTION,2013-11-13,"(37.768560000000001, -122.42630800000001)"
N201301097560,3,1,0,0,45 Belcher St,3537078,BP ISSUED,2013-11-04,"(37.768627500000001, -122.43007350000001)"
N200803207576,5,3,0,0,435 Duboce Av,3537087,PL Approved,2011-08-10,"(37.769321300000001, -122.42983479999999)"
N201312134180,87,87,0,0,2198 Market St,3542039,BP Filed,2013-12-13,"(37.766527000000004, -122.430769)"
N201207205377,88,88,0,0,2175 Market St,3543011,CONSTRUCTION,2013-12-13,"(37.766286000000001, -122.429913)"
N201012237367,23,23,0,0,1875 Mission St,3548032,CONSTRUCTION,2013-12-19,"(37.767100900000003, -122.41944599999999)"
N200607176702,18,18,0,0,1801 Mission St,3548039,BP Filed,2006-07-17,"(37.768141, -122.419684)"
N201306280738,23,23,0,0,1450 15th St,3549064,BP Filed,2013-06-28,"(37.767091999999998, -122.416833)"
N201111038205,40,40,0,0,1501 15th St,3553054,CONSTRUCTION,2013-12-03,"(37.766542000000001, -122.41797800000001)"
N201210242702,8,8,0,0,1785 15th St,3555036,BP ISSUED,2013-12-18,"(37.766205900000003, -122.423806)"
N200311180506,13,13,0,0,200 Dolores St,3557062,BP Filed,2008-08-19,"(37.766058000000001, -122.426912)"
N200810023278,22,22,0,0,2210 Market St,3560001,BP ISSUED,2012-03-14,"(37.766242800000001, -122.43071620000001)"
N201003248891,3,2,0,0,3249 17th St,3575063,BP Filed,2010-03-24,"(37.763278999999997, -122.41826399999999)"
N200805192371,2,1,0,0,4035 18th St,3583082,CONSTRUCTION,2013-06-13,"(37.760899299999998, -122.4336086)"
N200505031415,2,1,0,0,530 Sanchez St,3584007,CONSTRUCTION,2013-09-23,"(37.760598999999999, -122.43084500000001)"
N200701292823,4,2,0,0,2374 Folsom St,3594009,CONSTRUCTION,2012-05-10,"(37.759346000000001, -122.415088)"
N200512200747,6,6,0,0,3360 20th St,3594016,BP APPROVED,2010-10-21,"(37.759027000000003, -122.41615299999999)"
N200808139076,1,1,0,0,3927 19th St,3601073,BP Filed,2008-08-13,"(37.759275000000002, -122.431032)"
N200507147539,3,2,0,0,2986 22nd St,3613018B,CONSTRUCTION,2013-12-04,"(37.755901999999999, -122.413965)"
N201301168124,114,114,0,0,2558 Mission St,3616007,CONSTRUCTION,2014-01-02,"(37.75611, -122.418986)"
N201012277437,15,15,0,0,1050 Valencia St,3617008,BP ISSUED,2013-07-17,"(37.755944, -122.421318)"
N200602094307,2,2,0,0,1090 Church St,3628014,BP Filed,2006-02-09,"(37.753472000000002, -122.4276201)"
N200602023710,47,47,0,0,570 Jessie St,3703086,BP Filed,2006-02-02,"(37.780766100000001, -122.4101733)"
N200712211199,100,100,0,0,973 Market St,3704069,CONSTRUCTION,2008-08-14,"(37.782423999999999, -122.40935)"
N200210249843,134,134,0,0,555 Market St,3708058,PL APPROVED,2002-12-05,"(37.790227999999999, -122.40014600000001)"
N201305015894,74,74,0,0,181 Fremont St,3719010,BP ISSUED,2013-12-26,"(37.789645, -122.39542400000001)"
N200810063512,55,55,0,0,474 Natoma Street,3725101,CONSTRUCTION,2013-11-25,"(37.7805964, -122.4072383)"
N200809252699,10,10,0,0,574 Natoma St,3726075,BP Filed,2008-09-25,"(37.778916000000002, -122.4093867)"
N201207124717,669,669,0,0,201 Folsom St,3746001,BP ISSUED,2013-05-29,"(37.789186000000001, -122.391823)"
N200605161774,432,432,0,0,399 Fremont St,3747320,BP ISSUED,2013-06-14,"(37.7868171, -122.3920976)"
N200709193092,2,1,0,0,1076 Hampshire St,4152016,CONSTRUCTION,2012-02-21,"(37.754974400000002, -122.4076295)"
N200705010141,28,28,0,0,1004 Mississippi St,4224015,BP APPROVED,2009-01-16,"(37.753143999999999, -122.393815)"
N201104194374,3,1,0,0,639 Natoma St,3727035,CONSTRUCTION,2013-04-01,"(37.777586999999997, -122.410698)"
N201308295550,3,1,0,0,1087 Mississippi St,4224049,BP Filed,2013-08-29,"(37.752659000000001, -122.393488)"
N200606093615,25,25,0,0,1145 Mission St,3727168,BP Filed,2006-06-09,"(37.778401000000002, -122.411708)"
N200806164548,76,37,0,0,226 06th St,3731003,BP ISSUED,2012-12-10,"(37.779330999999999, -122.406813)"
N200601202701,8,8,0,0,190 Russ St,3731087,BP Filed,2006-01-20,"(37.777757999999999, -122.407112)"
N200806063801,4,4,0,0,48 Harriet St,3731102,BP Filed,2008-06-06,"(37.778626000000003, -122.407056)"
N201106017202,182,182,0,0,260 05th St,3732008,CONSTRUCTION,2013-10-11,"(37.780718999999998, -122.40402)"
N201106017208,282,282,0,0,900 Folsom St,3732009,CONSTRUCTION,2013-10-11,"(37.780261000000003, -122.403606)"
N200507208144,25,25,0,0,468 Clementina St,3732071,BP ISSUED,2013-10-23,"(37.779668999999998, -122.405496)"
N201108112225,1,1,0,0,457 Tehama St,3732087,BP REINSTATED,2013-08-05,"(37.780006999999998, -122.405495)"
N200702204428,3,3,0,0,12 Sherman St,3754042,BP ISSUED,2012-11-26,"(37.777211999999999, -122.406993)"
N200607126309,66,66,0,0,48 Tehama St,3736085,BP Filed,2006-07-12,"(37.787356000000003, -122.396677)"
N200506246051,88,88,0,0,333 Fremont St,3747019,CONSTRUCTION,2013-12-12,"(37.787635999999999, -122.39290200000001)"
N201208036505,348,348,0,0,340 Fremont St,3748006,BP FILED,2012-08-03,"(37.787363999999997, -122.39304)"
N201009140800,320,320,0,0,45 Lansing St,3749059,CONSTRUCTION,2013-12-06,"(37.786042000000002, -122.39385900000001)"
N200607146552,22,22,0,0,870 Harrison St,3752019,BP ISSUED,2013-04-02,"(37.779727999999999, -122.40124400000001)"
N201207164905,36,36,0,0,345 06th St,3753081,BP Filed,2012-07-16,"(37.777996000000002, -122.404729)"
N201307303137,408,408,0,0,350 08th St,3756003,BP Filed,2013-07-30,"(37.773693999999999, -122.40965799999999)"
N200705312675,3,2,0,0,56 Ringold St,3756025,BP ISSUED,2013-08-14,"(37.7739598, -122.4105294)"
N200412211855,312,312,0,0,425 First Street,3765015,CONSTRUCTION,2013-12-19,"(37.786482999999997, -122.39203500000001)"
N200504281137,1,1,0,0,136 South Park Av,3775063,BP APPROVED,2011-02-08,"(37.781460000000003, -122.394685)"
N200701051074,19,19,0,0,246 Ritch St,3776092,CONSTRUCTION,2013-10-23,"(37.780208000000002, -122.39578)"
N201309045886,437,437,0,0,801 Brannan St,3783001,BP Filed,2013-09-04,"(37.772950000000002, -122.40322399999999)"
N201306280783,132,132,0,0,144 King St,3794024,BP Filed,2013-06-28,"(37.778734, -122.391289)"
N201107220904,15,15,0,0,1150 16th Street,3821007,BP Filed,2011-07-22,"(37.766499000000003, -122.398135)"
N201112070227,65,65,0,0,1000 16th St,3834001,BP ISSUED,2012-09-07,"(37.766489999999997, -122.39698799999999)"
N201306250394,560,560,0,0,1 Henry Adams St,3911001,BP Filed,2013-06-25,"(37.769666000000001, -122.40386599999999)"
N201208248160,12,12,0,0,2401 16th St,3965001,CONSTRUCTION,2013-12-10,"(37.765523000000002, -122.410614)"
N201306250465,77,77,0,0,480 Potrero Av,3973002C,BP Filed,2013-06-25,"(37.763525000000001, -122.407532)"
N200611036818,4,4,0,0,2175 Bayshore Bl,5066B003,BP APPROVED,2009-11-23,"(37.712342999999997, -122.401304)"
N201312244989,111,111,0,0,630 Indiana St,4041009,BP Filed,2013-12-24,"(37.762477199999999, -122.39165010000001)"
N201309257711,69,69,0,0,2298 03rd St,4059009,BP Filed,2013-09-25,"(37.760595000000002, -122.388823)"
N201012307679,2,2,0,0,857 Alabama St,4085026,CONSTRUCTION,2012-11-02,"(37.758215, -122.411297)"
N200805232798,2,1,0,0,838 Kansas St,4093007,CONSTRUCTION,2013-12-24,"(37.758980999999999, -122.40316)"
N200506074411,2,2,0,0,746 Carolina St,4096005,CONSTRUCTION,2010-03-22,"(37.759036999999999, -122.40023600000001)"
N200612159955,2,1,0,0,749 Wisconsin St,4098027,BP Filed,2006-12-15,"(37.758091999999998, -122.398869)"
N200911171348,1,1,0,0,2420 03rd St,4108003F,BP ISSUED,2012-12-19,"(37.758983999999998, -122.388699)"
N200503298688,2,1,0,0,948 Hampshire St,4143008,BP ISSUED,2009-03-12,"(37.756912999999997, -122.40785)"
N201207114624,4,3,0,0,2830 24th St,4209017,BP Filed,2012-07-11,"(37.752974000000002, -122.40875699999999)"
N200710155355,2,1,0,0,1196 Hampshire St,4210013,CONSTRUCTION,2013-07-03,"(37.753107999999997, -122.407517)"
N200705010119,2,2,0,0,1036 Mississippi St,4224018,BP APPROVED,2009-12-01,"(37.752943000000002, -122.39385299999999)"
N200212244171,81,71,0,0,1301 Indiana St,4228158,CONSTRUCTION,2013-12-19,"(37.753914000000002, -122.390975)"
N200703216793,3,1,0,0,1366 San Bruno Av,4263007,BP Filed,2007-03-21,"(37.752305, -122.40444599999999)"
N200805142097,2,1,0,0,1331 Florida St,4273018,BP Filed,2008-05-14,"(37.750588999999998, -122.40966400000001)"
N200402267273,4,4,0,0,860 Innes Av,4645018,BP ISSUED,2013-06-24,"(37.731973000000004, -122.37538499999999)"
N200607106046,1,1,0,0,162 Brewster St,5556019,CONSTRUCTION,2012-09-18,"(37.744056999999998, -122.407352)"
N200612018992,2,1,0,0,2838 Jennings St,4912002,CONSTRUCTION,2007-11-16,"(37.722476, -122.39299099999999)"
N200610245911,1,1,0,0,1060 Gilman Av,4937014,BP REINSTATED,2010-11-04,"(37.718952999999999, -122.389126)"
N200609071583,1,1,0,0,750 Jamestown Av,4976019,CONSTRUCTION,2009-04-16,"(37.715691, -122.38934999999999)"
N9924080S,132,132,0,0,833-881 Jamestown,4991277,CONSTRUCTION,2007-09-17,"(37.711415000000002, -122.38678899999999)"
N200401063464,1,1,0,0,23 Sparta St,6176011,BP ISSUED,2010-06-04,"(37.718079000000003, -122.40335)"
N201308235141,1,1,0,0,1415 Hudson Av,5258026,BP Filed,2013-08-23,"(37.738036000000001, -122.385023)"
N201308235140,1,1,0,0,1411 Hudson Av,5258027,BP Filed,2013-08-23,"(37.738011999999998, -122.384981)"
N200707055953,7,7,0,0,4132 Third Street,5260002,BP ISSUED,2013-08-08,"(37.740113999999998, -122.389089)"
N200507137493,2,2,0,0,1665 Palou Av,5327038,BP ISSUED,2011-03-29,"(37.734544999999997, -122.39222599999999)"
N200701171881,1,1,0,0,1911 Quesada Av,5336048,PL Filed,2013-08-08,"(37.735792000000004, -122.39607599999999)"
N200606204561,1,1,0,0,47 Ledyard St,5395065,BP Filed,2006-06-20,"(37.733381999999999, -122.401974)"
N201211073775,121,121,0,0,5800 03rd St,5431A001,BP ISSUED,2013-12-13,"(37.725430000000003, -122.39448299999999)"
N200611308862,1,1,0,0,3595 Keith St,5476014,BP REINSTATED,2011-12-21,"(37.719186000000001, -122.39865399999999)"
N200701121612,2,2,0,0,3119 Harrison St,5504001H,CONSTRUCTION,2011-05-03,"(37.748055999999998, -122.41127400000001)"
N200803066478,2,1,0,0,3301 Folsom St,5524045,BP Filed,2008-03-06,"(37.745061999999997, -122.413265)"
N200805051348,1,1,0,0,98 Norwich St,5525018,BP Filed,2008-05-05,"(37.745246000000002, -122.411804)"
N200609253191,3,3,0,0,195 Brewster St,5577009,PL Filed,2011-04-07,"(37.743127000000001, -122.40773799999999)"
N200609253192,1,1,0,0,193 Brewster St,5577010,BP Filed,2006-09-25,"(37.743155999999999, -122.40768799999999)"
N200609253193,1,1,0,0,191 Brewster St,5577011,PL Approved,2009-10-28,"(37.743184999999997, -122.40763800000001)"
N201305157021,1,1,0,0,175 Brewster St,5577012,BP Filed,2013-05-15,"(37.743527999999998, -122.40725)"
N200609253194,1,1,0,0,29 Joy St,5577013,BP Filed,2006-09-25,"(37.743603999999998, -122.406711)"
N200712120285,4,3,0,0,353 San Jose Av,6531022,BP REINSTATED,2013-08-05,"(37.749704999999999, -122.42118000000001)"
N200702063543,4,3,0,0,1710 Diamond St,7535102,CONSTRUCTION,2013-11-27,"(37.743704000000001, -122.435778)"
N200603015694,1,1,0,0,133 Elsie St,5619057,BP ISSUED,2013-12-02,"(37.742367999999999, -122.41781400000001)"
N200701192144,1,1,0,0,495 Chapman St,5627042,BP Filed,2007-01-19,"(37.741756000000002, -122.41308100000001)"
N200703307666,3,3,0,0,42 Leese St,5719023,BP Filed,2007-03-30,"(37.736739, -122.42384800000001)"
N201303293381,2,1,0,0,349 Richland Av,5721077,BP Filed,2013-03-29,"(37.735821000000001, -122.41846700000001)"
N200806043667,2,2,0,0,347 Crescent Av,5744075,BP Filed,2008-06-04,"(37.735062999999997, -122.417761)"
N200603025880,6,6,0,0,782-786 Andover St,5825007,CONSTRUCTION,2013-08-01,"(37.733671000000001, -122.417086)"
N200603025881,2,2,0,0,790 Andover St,5825008,CONSTRUCTION,2013-08-01,"(37.733618999999997, -122.417035)"
N200706265226,2,2,0,0,104 Bache St,5826002,BP ISSUED,2009-08-04,"(37.733907000000002, -122.41763)"
N200704279893,2,2,0,0,106 Bache St,5826003,BP Filed,2007-04-27,"(37.733901000000003, -122.417637)"
N200412010421,2,2,0,0,2350 San Bruno Av,5880002,BP ISSUED,2013-01-24,"(37.733184000000001, -122.406229)"
N200708099236,2,1,0,0,1395 Silver Av,5883002,BP Filed,2007-08-09,"(37.731473999999999, -122.40907799999999)"
N200807176988,1,1,0,0,167 Brussels St,5926021,BP ISSUED,2011-03-07,"(37.730009000000003, -122.406589)"
N200711077587,2,1,0,0,268 Madison St,5943008,CONSTRUCTION,2013-09-13,"(37.725757999999999, -122.42266100000001)"
N200705221925,4,3,0,0,101 Leland Av,6250036,BP Filed,2007-05-22,"(37.711925000000001, -122.40579099999999)"
N201012227225,35,35,0,0,495 Cambridge St,5992A060,BP Filed,2010-12-22,"(37.725430000000003, -122.417816)"
N200312243005,2,2,0,0,395 Athens St,6022014,CONSTRUCTION,2013-11-15,"(37.721789000000001, -122.428118)"
N200611036814,2,1,0,0,71 Bishop St,6168012,BP ISSUED,2009-12-31,"(37.718302000000001, -122.404121)"
N200611036809,1,1,0,0,67 Bishop St,6168013,BP ISSUED,2009-12-31,"(37.718330000000002, -122.40410900000001)"
N200806194898,1,1,0,0,138 Alpha St,6208003,BP ISSUED,2013-04-25,"(37.714095, -122.404408)"
N201204118076,1,1,0,0,322 Arleta Av,6233005,CONSTRUCTION,2013-11-07,"(37.714764000000002, -122.40943900000001)"
N200703025289,2,1,0,0,469 Raymond Av,6244036,BP REINSTATED,2012-02-29,"(37.714637000000003, -122.412886)"
N200703065518,2,1,0,0,715 Holloway Av,6986040,BP Filed,2007-03-06,"(37.721682999999999, -122.46046699999999)"
N200311240936,1,1,0,0,652 Lakeview Av,7016023,CONSTRUCTION,2013-06-24,"(37.718400000000003, -122.457838)"
N200801112324,2,1,0,0,4847 Mission St,6272018,CONSTRUCTION,2009-02-25,"(37.720737999999997, -122.437618)"
N200711137944,9,9,0,0,3135 24th St,6520036,CONSTRUCTION,2013-07-16,"(37.752336, -122.41479699999999)"
N200706053001,3,3,0,0,3241 25th St,6525034,BP Filed,2007-06-05,"(37.750725000000003, -122.414798)"
N200703307744,3,3,0,0,1225 Dolores St,6534029,BP APPROVED,2013-07-24,"(37.749797000000001, -122.42471500000001)"
N200712201032,2,1,0,0,168 Clipper St,6549021,CONSTRUCTION,2013-12-18,"(37.749346000000003, -122.428656)"
N200606234934,2,1,0,0,3736 Cesar Chavez St,6567013,BP ISSUED,2013-03-13,"(37.748089999999998, -122.423474)"
N200606073385,2,1,0,0,389 27th St,6592034,CONSTRUCTION,2007-10-29,"(37.746659999999999, -122.42875100000001)"
N200602073988,2,1,0,0,230 Duncan St,6593006,CONSTRUCTION,2008-02-05,"(37.746321999999999, -122.425453)"
N200811196948,2,1,0,0,2104 Castro St,6611003,BP Filed,2008-11-19,"(37.744770000000003, -122.43355699999999)"
N200712190876,1,1,0,0,538 Valley St,6611014,BP Filed,2007-12-19,"(37.744222999999998, -122.43407999999999)"
N200812228987,2,1,0,0,239 Valley Street,6619022,CONSTRUCTION,2012-12-21,"(37.744318, -122.427634)"
N200609152421,2,1,0,0,440 29th St,6620014,BP ISSUED,2013-07-29,"(37.743644000000003, -122.429833)"
N200701101441,1,1,0,0,497 Valley St,6621030,BP ISSUED,2013-07-22,"(37.744008999999998, -122.43311199999999)"
N200711148137,2,1,0,0,577 29th St,6630031,CONSTRUCTION,2011-05-05,"(37.743195999999998, -122.432694)"
N200709243463,2,1,0,0,461 29th St,6631033,BP Filed,2007-09-24,"(37.743353999999997, -122.430161)"
N200712261296,2,1,0,0,176 Randall St,6655030,BP Filed,2007-12-26,"(37.739846999999997, -122.427176)"
N200804028581,2,1,0,0,564 Chenery St,6727016,BP Filed,2008-04-02,"(37.734904, -122.431482)"
N200807106426,2,2,0,0,483 Bosworth St,6753063,BP Filed,2008-07-10,"(37.732897000000001, -122.431608)"
N200810013092,2,2,0,0,1794 San Jose Av,6793011,BP Filed,2008-10-01,"(37.729145000000003, -122.44004)"
N200808290369,6,6,0,0,1415 Ocean Av,6941063,BP Filed,2008-08-29,"(37.724066000000001, -122.457572)"
N200806114219,2,1,0,0,1173 Plymouth Av,6942004,BP Filed,2008-06-11,"(37.723242999999997, -122.456332)"
N200703216875,1,1,0,0,345 Louisburg St,7036012,BP Filed,2007-03-21,"(37.718843999999997, -122.450965)"
N200804159728,6,1,0,0,5498 Mission St,7044A006,PL Filed,2009-11-18,"(37.712769000000002, -122.44476)"
N201012036075,150,150,0,0,1000 Fourth Street (block 13 East),8711014,CONSTRUCTION,2013-12-12,"(37.77337, -122.38732899999999)"
N200509072195,2,2,0,0,156 Broad St,7107019,CONSTRUCTION,2013-11-20,"(37.713320000000003, -122.457724)"
N201008279734,2,1,0,0,4335 Lincoln Wy,1706045,PL Filed,2011-05-06,"(37.763970999999998, -122.504653)"
N201009241586,2,1,0,0,2317 15th St,2613020,BP Filed,2010-09-24,"(37.765456, -122.436188)"
N201209119428,182,182,0,0,800 Brotherhood Way,7331003,CONSTRUCTION,2012-09-11,"(37.714747000000003, -122.47841)"
N201107261089,3,3,0,0,70 Gold Mine Dr,7520033,BP Filed,2011-07-26,"(37.743960999999999, -122.437377)"
N200706154066,1,1,0,0,2395 Diamond St,7551033,BP Filed,2007-06-15,"(37.738422, -122.436138)"
N200904065668,3,1,0,0,355 Capp St,3590056,BP Filed,2009-04-06,"(37.761037000000002, -122.418013)"
N200906251343,1,1,0,0,506 Oak St,829007,BP Filed,2009-06-25,"(37.774495999999999, -122.427818)"
N200905208827,3,2,0,0,251 Arkansas St,4004024,CONSTRUCTION,2013-11-20,"(37.763095, -122.398348)"
N200906261414,2,1,0,0,279 Monterey Bl,6771032,BP APPROVED,2010-05-18,"(37.731461000000003, -122.441411)"
N201207316121,2,1,0,0,77 Farallones Street,7108033,BP ISSUED,2013-08-07,"(37.713971000000001, -122.454972)"
N200908144854,2,1,0,0,2727 Gough St,529002,BP Filed,2009-08-14,"(37.798521999999998, -122.427678)"
N200902182284,3,1,0,0,835 Lombard St,73020,BP Filed,2009-02-18,"(37.802404000000003, -122.41526399999999)"
N200901220624,3,1,0,0,253 Parker Av,1086006,CONSTRUCTION,2013-04-03,"(37.780830000000002, -122.454155)"
N200712200979,2,1,0,0,7 Seymour St,1154023,CONSTRUCTION,2010-10-12,"(37.778962999999997, -122.437872)"
N200901150303,3,1,0,0,338 Carl St,1265009,CONSTRUCTION,2011-06-30,"(37.765247000000002, -122.455184)"
N200903174286,2,1,0,0,212 23rd Av,1411022,CONSTRUCTION,2011-12-21,"(37.783605999999999, -122.48267)"
N200902122009,2,1,0,0,227 Noriega St,2046040A,BP Filed,2009-02-12,"(37.754562999999997, -122.465996)"
N200902041380,3,1,0,0,161 San Carlos St,3589026,BP ISSUED,2009-11-23,"(37.760852999999997, -122.419831)"
N200902061524,2,1,0,0,421 Alvarado St,3625040,BP Filed,2009-02-06,"(37.753763999999997, -122.430452)"
N200904106077,2,2,0,0,1966 Great Hy,2086007A,BP Filed,2009-04-10,"(37.749786999999998, -122.507876)"
N201211284953,28,28,0,0,One Capitol Av,7148040,CONSTRUCTION,2013-09-17,"(37.710872999999999, -122.459069)"
N200908034026,2,1,0,0,445 Waller St,867033,BP Filed,2009-08-03,"(37.770820000000001, -122.430988)"
N200908185077,5,4,0,0,598 Belvedere St,1279048,BP Filed,2009-08-18,"(37.761958, -122.447681)"
N201302150317,3,3,0,0,1470 Mcallister St,776035,BP ISSUED,2013-12-19,"(37.778091000000003, -122.43608999999999)"
N200909146733,1,1,0,0,854 Folsom St,3733020A,BP ISSUED,2010-06-14,"(37.781281, -122.402698)"
N200907203013,3,1,0,0,1533 Pacific Av,596031,BP Filed,2009-07-20,"(37.794887000000003, -122.42052)"
N200909237457,1,1,0,0,128 Elsie St,5618011,BP APPROVED,2011-03-03,"(37.7425608, -122.4179127)"
N200908033985,1,1,0,0,194 Sweeny St,5858024,BP Filed,2009-08-03,"(37.732726900000003, -122.409353)"
N201004069730,3,1,0,0,2724 San Bruno Av,6048002,BP Filed,2010-04-06,"(37.727182900000003, -122.403751)"
N200906160568,2,1,0,0,60 Fountain St,6501010,BP Filed,2009-06-16,"(37.749907999999998, -122.441906)"
N201103232716,2,1,0,0,977 North Point St,453011,BP Filed,2011-03-23,"(37.805065900000002, -122.42313900000001)"
N201009241614,1,1,0,0,287 11th Av,1422016,BP ISSUED,2011-07-18,"(37.783042999999999, -122.47012700000001)"
N200911231869,2,1,0,0,446 33rd Av,1464014,CONSTRUCTION,2013-04-17,"(37.780737999999999, -122.493054)"
N200911302251,3,1,0,0,483 35th Av,1467020,BP Filed,2009-11-30,"(37.779997999999999, -122.495744)"
N200912243860,1,1,0,0,721 Clementina St,3729039,BP Filed,2009-12-24,"(37.774968999999999, -122.41092)"
N201303202580,1,1,0,0,2 Flood Av,6774012,BP Filed,2013-03-20,"(37.729731000000001, -122.441282)"
N201007297765,21,21,0,0,2353 Lombard St,512025,BP Filed,2010-07-29,"(37.799036000000001, -122.440138)"
N200912304034,2,2,0,0,447 Linden St,818048,BP ISSUED,2012-10-04,"(37.775965900000003, -122.42527699999999)"
N201005122282,2,2,0,0,35 Lloyd St,1260035,CONSTRUCTION,2013-07-23,"(37.769646000000002, -122.435672)"
N201011305795,7,7,0,0,80 Julian Av,3547027,BP ISSUED,2011-10-27,"(37.766972000000003, -122.42137)"
N200912223711,52,52,0,0,63 West Point Rd,4624004,CONSTRUCTION,2013-04-09,"(37.736734499999997, -122.3808161)"
N200912314052,2,2,0,0,56 Peralta Av,5512029,CONSTRUCTION,2013-10-21,"(37.747822200000002, -122.4063771)"
N200912314050,2,2,0,0,62 Peralta Av,5512031,CONSTRUCTION,2013-10-21,"(37.747779000000001, -122.4064492)"
N201006043843,3,3,0,0,141 Albion St,3568068,CONSTRUCTION,2013-06-27,"(37.764137268066406, -122.42247009277344)"
N201003057685,2,1,0,0,179 Delmar St,1270053,CONSTRUCTION,2013-12-20,"(37.765800499999997, -122.4452469)"
N201010253666,3,3,0,0,2034 Clement St,1412019,CONSTRUCTION,2012-10-22,"(37.782524000000002, -122.48128199999999)"
N201001225204,3,1,0,0,430 03rd Av,1542039,BP ISSUED,2012-10-24,"(37.780495000000002, -122.460691)"
N201003188484,1,1,0,0,3350 Taraval St,2372024A,BP Filed,2010-03-18,"(37.742125000000001, -122.502318)"
N201002035833,3,1,0,0,990 Guerrero St,3618071,CONSTRUCTION,2012-03-07,"(37.755364, -122.423547)"
N201109144613,3,3,0,0,940 Grove St,798010,BP APPROVED,2012-06-14,"(37.776879999999998, -122.432756)"
N201111179162,106,106,0,0,740 Illinois St And 2121 Third St,4045002,CONSTRUCTION,2013-12-31,"(37.762684999999998, -122.388248)"
N201303122049,15,15,0,0,248 - 252 09th St,3518006,BP Filed,2013-03-12,"(37.774127, -122.412521)"
N201010052342,84,84,0,0,490 South Van Ness Av,3553008,BP Filed,2010-10-05,"(37.765479900000003, -122.417824)"
N201009271661,2,2,0,0,3020 Laguna St,519029,CONSTRUCTION,2013-02-27,"(37.799191, -122.430628)"
N201004230976,8,8,0,0,1234 Folsom St,3729013,BP Filed,2010-04-23,"(37.774661999999999, -122.41090199999999)"
N200811247224,1,1,0,0,10 Hallam St,3755079,BP Filed,2008-11-24,"(37.775677299999998, -122.4085899)"
N201210091512,2,1,0,0,2207 25th St,4282A023,CONSTRUCTION,2013-03-12,"(37.751823000000002, -122.40079900000001)"
N201009241613,2,1,0,0,1734 Newcomb Av,5305010,BP Filed,2010-09-24,"(37.736879999999999, -122.392156)"
N201301047264,1,1,0,0,1310 Geneva Av,6415022,CONSTRUCTION,2013-12-17,"(37.713101999999999, -122.434409)"
N201006225046,1,1,0,0,62 Schwerin St,6255006,CONSTRUCTION,2011-08-19,"(37.712532500000002, -122.41052380000001)"
N201006214964,4,4,0,0,3143 24th St,6520035,PL Filed,2011-05-23,"(37.752225000000003, -122.414878)"
N201006104250,61,61,0,0,5050 Mission St,6969011,BP Filed,2010-06-10,"(37.717747000000003, -122.440601)"
N201005172557,7,7,0,0,1945 Hyde St,123002,CONSTRUCTION,2013-12-10,"(37.798827000000003, -122.419267)"
N201004150330,2,1,0,0,727 29th Av,1615003,CONSTRUCTION,2013-05-13,"(37.775539000000002, -122.489031)"
N201004029551,2,1,0,0,1491 Funston Av,1840015,BP Filed,2010-04-02,"(37.76032, -122.470679)"
N201310189655,2,1,0,0,75 Mars St,2653016,BP Filed,2013-10-18,"(37.761012000000001, -122.44448300000001)"
N201006023692,3,1,0,0,81 Noe St,3538036,BP APPROVED,2012-10-01,"(37.767896, -122.43313000000001)"
N201006073967,3,2,0,0,1067 Tennessee St,4108010,BP REINSTATED,2010-09-08,"(37.758437000000001, -122.388987)"
N201004261017,2,1,0,0,1710 Oakdale Av,5312049,BP Filed,2010-04-26,"(37.736033900000002, -122.392332)"
N201005061831,2,1,0,0,1248 Silver Av,5918001,BP Filed,2010-05-06,"(37.730336000000001, -122.41143700000001)"
N201009140824,1,1,0,0,1510 25th St,4224027,BP ISSUED,2011-08-19,"(37.752494900000002, -122.393947)"
N201303212751,1,1,0,0,13 Lucky St,6521004,BP Filed,2013-03-21,"(37.752333999999998, -122.41364400000001)"
N201009070276,1,1,0,0,717 Paris St,6349021,BP ISSUED,2013-06-21,"(37.717438999999999, -122.437802)"
N201009080449,4,4,0,0,136 Pixley St,516028A,CONSTRUCTION,2013-01-29,"(37.798629200000001, -122.43474310000001)"
N201211295086,67,67,0,0,200-214 6th St,3731001,BP Filed,2012-11-29,"(37.779381000000001, -122.4071)"
N200512281146,107,107,0,0,101 Executive Park Bl,4991600,BP FILED,2010-10-25,"(37.711286000000001, -122.394775)"
N201012076277,2,1,0,0,1434 La Playa *,1805037A,BP REINSTATED,2010-12-28,"(37.759658000000002, -122.50876700000001)"
N201011305806,1,1,0,0,3412 Market St,2717014,BP REINSTATED,2011-01-20,"(37.757075999999998, -122.442999)"
N201102170507,2,1,0,0,147 South Park Av,3775031,CONSTRUCTION,2013-09-23,"(37.781080199999998, -122.3943111)"
N201012156796,2,1,0,0,461 Hoffman Av,6503020,CONSTRUCTION,2013-11-26,"(37.749944900000003, -122.440202)"
N201012025978,2,2,0,0,551 22nd Av,1565006A,BP ISSUED,2013-03-01,"(37.777363200000003, -122.48145580000001)"
N201012317718,2,2,0,0,2006 Keith St,5386001,BP Filed,2010-12-31,"(37.7285945, -122.3901429)"
N201012076279,1,1,0,0,220 Williams Av,5406016,BP Filed,2010-12-07,"(37.730054899999999, -122.3977232)"
N201010072487,1,1,0,0,524 Vienna St,6090004,CONSTRUCTION,2013-10-17,"(37.720140999999998, -122.431)"
N201012176969,2,2,0,0,4103 Cesar Chavez St,6581060,PL Filed,2013-03-05,"(37.747163100000002, -122.43592219999999)"
N201012106469,1,1,0,0,1927 Alemany Bl,6959030,CONSTRUCTION,2013-12-31,"(37.720948999999997, -122.438681)"
N201005142433,1,1,0,0,259 Broad Street,7114052,BP ISSUED,2012-07-05,"(37.712878000000003, -122.46119)"
N201011054435,1,1,0,0,216 Head St,7135023,BP Filed,2010-11-05,"(37.711283000000002, -122.46409199999999)"
N201102180558,1,1,0,0,2138 Folsom St,3574008,BP Filed,2011-02-18,"(37.763074000000003, -122.41544399999999)"
N201301258793,3,2,0,0,748 Treat Av,3612055,BP Filed,2013-01-25,"(37.758108999999997, -122.41383500000001)"
N201302281214,3,1,0,0,1052 Oak St,1216005,BP Filed,2013-02-28,"(37.773434000000002, -122.43672599999999)"
N201103303154,2,1,0,0,10 Lundys Ln,5610029A,CONSTRUCTION,2011-12-02,"(37.745635, -122.417946)"
N201103182398,2,1,0,0,1877 Church St,6656029,BP ISSUED,2012-04-30,"(37.740332000000002, -122.426374)"
N201101208700,4,2,0,0,3808 Mission St,6692002,BP Filed,2011-01-20,"(37.735720700000002, -122.4246179)"
N201306280802,208,208,0,0,250 4th St,3733008,BP Filed,2013-06-28,"(37.782449, -122.401973)"
N201106027305,7,2,0,0,2882 - 2890 Geary Blvd,1069045,BP Filed,2011-06-02,"(37.782293299999999, -122.4499653)"
N201103101798,2,1,0,0,5727 Geary Bl,1523046B,BP Filed,2011-03-10,"(37.780183399999999, -122.4809796)"
N201011295711,5,1,0,0,4159 24th St,6506034,CONSTRUCTION,2012-10-17,"(37.751138099999999, -122.43539319999999)"
N201104224606,315,315,0,0,185 Channel St,8711023,CONSTRUCTION,2013-12-13,"(37.774546399999998, -122.3899246)"
N201106037362,2,1,0,0,18 Valley St,6616010,BP ISSUED,2013-04-03,"(37.744985, -122.42275100000001)"
N201104013321,1,1,0,0,3210 Jackson St,973031,CONSTRUCTION,2013-09-09,"(37.790781099999997, -122.4479479)"
N201104083761,1,1,0,0,3650 Washington St,987033,BP ISSUED,2012-02-22,"(37.789198900000002, -122.4533754)"
N201106238762,2,1,0,0,322 29th Av,1405045,CONSTRUCTION,2013-05-10,"(37.783219000000003, -122.488927)"
N201104113839,2,1,0,0,1322 47th Av,1801040,BP Filed,2011-04-11,"(37.761848200000003, -122.50696739999999)"
N201105256770,10,10,0,0,140 09th St,3509005,CONSTRUCTION,2012-07-05,"(37.775334999999998, -122.4136225)"
N201106289066,1,1,0,0,354 Mullen Av,5535006,BP Filed,2011-06-28,"(37.745933999999998, -122.406165)"
N201303051501,6,4,0,0,2500 Clement St,1407017,BP Filed,2013-03-05,"(37.781928999999998, -122.485883)"
N201107089769,4,2,0,0,3932 Geary Bl,1435017,BP Filed,2011-07-08,"(37.781447, -122.46167800000001)"
N201306210141,3,2,0,0,363 21st Av,1453013,BP Filed,2013-06-21,"(37.781027999999999, -122.480834)"
N201109164830,2,1,0,0,1622 11th Av,1933041,CONSTRUCTION,2013-09-04,"(37.757883999999997, -122.46770100000001)"
N201107119929,2,1,0,0,4267 23rd St,2805036,BP Filed,2011-07-11,"(37.752425000000002, -122.437938)"
N201109215213,2,1,0,0,1115 Potrero Av,4212011,BP APPROVED,2012-03-05,"(37.754035999999999, -122.406083)"
N201301288928,2,1,0,0,1443 12th Av,1841007,BP Filed,2013-01-28,"(37.761189999999999, -122.46966500000001)"
N201302130179,2,1,0,0,4072 18th St,3582054,BP Filed,2013-02-13,"(37.761156, -122.43431699999999)"
N201303263083,3,1,0,0,659 Guerrero St,3588056,BP Filed,2013-03-26,"(37.760649999999998, -122.423404)"
N201301228393,3,1,0,0,333 San Carlos St,3609109,BP Filed,2013-01-22,"(37.758013699999999, -122.4195969)"
N201302250862,3,1,0,0,1451 Mariposa St,4004034,BP Filed,2013-02-25,"(37.763567000000002, -122.39812499999999)"
N201301087514,2,1,0,0,1325 Ocean Av,6942054,BP Filed,2013-01-08,"(37.723695900000003, -122.456658)"
N201312234910,3,1,0,0,1241 Green St,124041,BP Filed,2013-12-23,"(37.797981, -122.419512)"
N201301168071,1,1,0,0,4376 24th St,2829010,BP Filed,2013-01-16,"(37.750830000000001, -122.439924)"
N200608290811,2,2,0,0,2350 San Bruno Av,5880023,CONSTRUCTION,2013-03-20,"(37.733123999999997, -122.405958)"
N200905047636,2,2,0,0,311 Eureka St,2750035,CONSTRUCTION,2013-11-27,"(37.757123, -122.437602)"
N200910209343,2,2,0,0,202 Broad St,7106059,BP APPROVED,2013-05-30,"(37.713375900000003, -122.459288)"
N200609132176,1,1,0,0,422 Vicente St,2416002H,CONSTRUCTION,2013-12-16,"(37.739741000000002, -122.471587)"
N200807176993,1,1,0,0,165 Brussels St,5926022,BP ISSUED,2011-03-07,"(37.729812000000003, -122.406744)"
N200711077585,1,1,0,0,262 Madison St,5943050,BP ISSUED,2011-04-15,"(37.725771999999999, -122.42257600000001)"
N201209109355,1,1,0,0,1014 Gilman Av,4937018,BP ISSUED,2013-10-22,"(37.718228199999999, -122.38812230000001)"
N200803288274,1,1,0,0,1167 Stanyan St,2630017,BP ISSUED,2013-09-25,"(37.763013999999998, -122.452214)"
N200904025465,1,1,0,0,1235 40th Av,1710006,BP ISSUED,2013-09-17,"(37.763635999999998, -122.499713)"
N201211154328,2,1,0,0,383 Fair Oaks St,6512016,BP ISSUED,2013-07-31,"(37.750596999999999, -122.423587)"
N201009171084,1,1,0,0,21 Mountain Spring Av,2709065,BP ISSUED,2013-05-21,"(37.757980000000003, -122.44879400000001)"
N200712241234,1,1,0,0,2626 Filbert St,943003B,CONSTRUCTION,2013-09-30,"(37.797175000000003, -122.442606)"
N200907203020,1,1,0,0,40 Edgehill Wy,2923008,CONSTRUCTION,2013-06-06,"(37.743389000000001, -122.45985)"
N201106279018,2,1,0,0,609 26th Av,1569002,BP ISSUED,2013-05-07,"(37.777974, -122.485658)"
N201107261097,1,1,0,0,74 Gold Mine Dr,7520034,BP ISSUED,2013-02-20,"(37.743355999999999, -122.437614)"
N200903254880,1,1,0,0,230 Sweeny St,5859040,BP ISSUED,2012-01-20,"(37.732364400000002, -122.4099662)"
N201206182829,1,1,0,0,1973 Filbert St,531022,CONSTRUCTION,2013-12-04,"(37.798232000000013, -122.43176699999999)"
N200701101393,1,1,0,0,107 24th Av,1334040,CONSTRUCTION,2013-02-27,"(37.787249099999997, -122.4842711)"
N201211134097,2,1,0,0,710 Cole St,1252046,CONSTRUCTION,2013-10-01,"(37.768262, -122.45034)"
N200707096216,1,1,0,0,495 Morse St,6478031,BP ISSUED,2009-05-15,"(37.712051899999999, -122.4422467)"
N200807116509,3,1,0,0,3933 24th St,6508035,BP APPROVED,2012-04-10,"(37.751465000000003, -122.4301)"
N201302200538,2,1,0,0,2038 Balboa St,1564023,BP APPROVED,2013-08-02,"(37.776603000000001, -122.48099000000001)"
N201311212547,5,3,0,0,1239 17th St,3985027,BP Filed,2013-11-21,"(37.765228999999998, -122.39623)"
N201310038371,3,1,0,0,238 Missouri St,4003006,BP Filed,2013-10-03,"(37.763325000000002, -122.396542)"
N201301319232,160,160,0,0,1321 Mission Street,3509043,BP ISSUED,2013-08-29,"(37.775904799999999, -122.41496650000001)"
N201207054130,273,273,0,0,1155 04th St,8713001,CONSTRUCTION,2013-12-23,"(37.773560400000001, -122.3914595)"
N201210051462,182,182,0,0,Market Octavia - Parcel P,831023,CONSTRUCTION,2013-12-31,"(37.774929499999999, -122.4194155)"
N201101118224,2,1,0,0,4324 Anza St,1510022,CONSTRUCTION,2012-11-09,"(37.777951999999999, -122.49475)"
N201108263406,2,2,0,0,560 Roosevelt Wy,2628026,BP ISSUED,2013-02-15,"(37.762568999999999, -122.444928)"
N201111158893,3,1,0,0,3436 Scott St,465A022,BP Filed,2011-11-15,"(37.801657900000002, -122.4414589)"
N201112160822,2,1,0,0,4141 23rd St,2804041,CONSTRUCTION,2013-12-05,"(37.752597000000002, -122.43510000000001)"
N201112271344,5,5,0,0,2001 17th St,3977001,BP Filed,2011-12-27,"(37.764681000000003, -122.4036308)"
N201112120494,2,1,0,0,4372 25th St,6540021,CONSTRUCTION,2013-11-20,"(37.749709000000003, -122.43773899999999)"
N201111078462,3,3,0,0,827 North Point St,26030,CONSTRUCTION,2013-11-20,"(37.8055904, -122.4208909)"
N201112160853,2,2,0,0,427 31st Av,1463005,BP REINSTATED,2013-10-17,"(37.781146999999997, -122.49159400000001)"
N201112070234,393,393,0,0,1006 16th St,3833002,BP ISSUED,2012-09-07,"(37.766689900000003, -122.397182)"
N201112301504,2,2,0,0,534 Texas St,4101004,BP Filed,2011-12-30,"(37.759583999999997, -122.39525500000001)"
N201112090432,1,1,0,0,209 Prentiss St,5654023,BP Filed,2011-12-09,"(37.740062799999997, -122.4120582)"
N201111179087,1,1,0,0,645 Duncan St,6604039,PL Approved,,"(37.745625699999998, -122.4343332)"
N201201112070,1,1,0,0,1530 48th Av,1893038,CONSTRUCTION,2013-08-22,"(37.757852200000002, -122.50778)"
N201308235158,1,1,0,0,89 Belgrave Av,2688072,BP Filed,2013-08-23,"(37.759360999999998, -122.44971700000001)"
N201203276943,1,1,0,0,135 Yukon St,2716033,CONSTRUCTION,2013-11-27,"(37.757356999999999, -122.442274)"
N201203055412,1,1,0,0,10 Aptos Av,3261002,BP Filed,2012-03-05,"(37.731603, -122.466341)"
N201202174464,2,2,0,0,639 Peralta Av,5634014,BP Filed,2012-02-17,"(37.742418000000001, -122.408939)"
N201110146866,2,1,0,0,166 Winfield St,5617014,PL Approved,2013-04-10,"(37.742607, -122.41873099999999)"
N201203146037,2,2,0,0,906 Cortland Av,5683012,BP Filed,2012-03-14,"(37.738855899999997, -122.413614)"
N201201242770,2,2,0,0,520 Carter St,6428001,BP Filed,2012-01-24,"(37.709048699999997, -122.4234888)"
N201201242773,2,2,0,0,103 Walbridge St,6428007,BP REINSTATED,2012-01-30,"(37.709145100000001, -122.42381810000001)"
N201203125903,2,2,0,0,149 29th St,6634026,BP ISSUED,2013-07-25,"(37.743817900000003, -122.4234349)"
N201203266873,3,1,0,0,1326 Francisco St,473008,CONSTRUCTION,2013-12-20,"(37.803001199999997, -122.4270973)"
N201203025301,1,1,0,0,1636 Bush St,665012,BP Filed,2012-03-02,"(37.788303599999999, -122.4243323)"
N201202174465,3,1,0,0,35 Lexington St,3576039,BP ISSUED,2013-06-25,"(37.762200999999997, -122.421077)"
N201203196326,182,182,0,0,240 05th St,3732150,BP ISSUED,2012-08-27,"(37.780956799999998, -122.4042771)"
N201203287050,2,1,0,0,2923 Harrison St,4271034,BP ISSUED,2012-12-03,"(37.750656900000003, -122.411393)"
N201304023614,2,2,0,0,850 Battery St,141008,BP ISSUED,2014-01-03,"(37.7994579, -122.4011063)"
N201203055396,34,34,0,0,1650 Broadway *,570011,BP ISSUED,2012-12-10,"(37.795630600000003, -122.4243919)"
N201208026344,399,399,0,0,100 Van Ness Av,814020,CONSTRUCTION,2013-12-31,"(37.776427900000002, -122.4194191)"
N201202154236,20,20,0,0,1717 17th St,3980007,CONSTRUCTION,2013-12-23,"(37.764748500000003, -122.40073889999999)"
N201305298089,2,1,0,0,571 21st Av,1564013,BP Filed,2013-05-29,"(37.777102900000003, -122.480546)"
N201204138248,1,1,0,0,412 Hearst Av,3116007,BP Filed,2012-04-13,"(37.730702999999998, -122.4470298)"
N201206112314,16,5,0,0,230 11th St,3516005,CONSTRUCTION,2013-10-23,"(37.772531999999998, -122.41529199999999)"
N201206112282,2,2,0,0,930 Shotwell St,3641076,BP ISSUED,2013-09-27,"(37.753054900000002, -122.415341)"
N201204249018,2,2,0,0,896 De Haro St,4095018,BP Filed,2012-04-24,"(37.758353, -122.401259)"
N201209048832,1,1,0,0,2538 03rd St,4172006,BP ISSUED,2013-12-11,"(37.757392799999998, -122.3884388)"
N201207064206,2,2,0,0,1069 Capp St,6527019,BP ISSUED,2013-05-08,"(37.749570300000002, -122.4170629)"
N201204249016,3,1,0,0,1265 Bay St,473015A,CONSTRUCTION,2013-07-26,"(37.8038411, -122.4278949)"
N201206152694,3,1,0,0,809 Lyon St,1150007,CONSTRUCTION,2013-11-26,"(37.778464200000002, -122.4435763)"
N201204057595,2,1,0,0,764 17th Av,1659030,CONSTRUCTION,2013-12-23,"(37.773671, -122.47534400000001)"
N201206253387,2,1,0,0,4546 19th St,2700012,PL Filed,2013-01-25,"(37.759228, -122.440055)"
N201205220992,2,1,0,0,526 Utah St,4013007,BP ISSUED,2013-11-19,"(37.762681999999998, -122.40656300000001)"
N201205090138,3,1,0,0,1368 Utah St,4264007,CONSTRUCTION,2013-11-14,"(37.752171400000002, -122.40524310000001)"
N201206041789,2,1,0,0,1411 Church St,6566027,BP Filed,2012-06-04,"(37.748255, -122.42679)"
N201205039740,2,1,0,0,188 Broad St,7107023,CONSTRUCTION,2013-07-01,"(37.713298799999997, -122.4586214)"
N201307051190,162,162,0,0,101 Polk St,811002,BP Filed,2013-08-13,"(37.777539900000001, -122.4179975)"
N201208107050,1,1,0,0,233 Laidley St,6684022,CONSTRUCTION,2013-12-27,"(37.738309000000001, -122.427785)"
N201306270692,85,85,0,0,101 Hyde St,346003A,BP Filed,2013-06-27,"(37.781804000000001, -122.415897)"
N201207245587,2,1,0,0,758 Spruce St,1088022,CONSTRUCTION,2013-10-08,"(37.780951000000002, -122.452699)"
N201305036095,1,1,0,0,126 27th Av,1332049,BP APPROVED,2013-12-10,"(37.786938900000003, -122.487055)"
N201311071427,2,2,0,0,851 Corbett Av,2778013,BP Filed,2013-11-07,"(37.753174899999998, -122.4434096)"
N201207265893,4,4,0,0,3820 24th Street,3651017,BP Filed,2012-07-26,"(37.751907000000003, -122.427988)"
N201209200274,4,4,0,0,685 Florida St,4022022,BP ISSUED,2013-12-13,"(37.760708000000001, -122.410678)"
N201207205437,1,1,0,0,35 La Grande Av,5963042,BP ISSUED,2013-06-07,"(37.724675300000001, -122.4237286)"
N201208298537,1,1,0,0,850 Brunswick St,6472007,CONSTRUCTION,2013-09-12,"(37.708404000000002, -122.451291)"
N201209190133,1,1,0,0,538 28th St,6604011,BP ISSUED,2013-11-13,"(37.745089999999998, -122.434297)"
N201209119424,11,11,0,0,700 Brotherhood Wy,7332005,CONSTRUCTION,2013-12-04,"(37.714610200000003, -122.4802656)"
N201207104487,2,1,0,0,605 Kearny St,226007,CONSTRUCTION,2012-08-17,"(37.7937662, -122.4047942)"
N201208318724,3,1,0,0,2135 Beach St,919007D,CONSTRUCTION,2013-11-13,"(37.803626600000001, -122.4442646)"
N201208298556,2,1,0,0,31 Uranus Tr,2654031,BP APPROVED,2013-04-03,"(37.761415, -122.445239)"
N201208026449,3,1,0,0,80 Sycamore St,3576076,BP Filed,2012-08-02,"(37.7626074, -122.4211348)"
N201208157477,1,1,0,0,2342 Washington St,604015,BP Filed,2012-08-15,"(37.791915199999998, -122.43184170000001)"
N201306260573,41,41,0,0,450 Hayes Street,808039,BP Filed,2013-06-26,"(37.7767853, -122.4238565)"
N201209200264,1,1,0,0,526 Hickory St,829023,BP ISSUED,2013-11-22,"(37.774781900000001, -122.4282742)"
N201208076803,4,4,0,0,127 Buchanan St,869007,BP Filed,2012-08-07,"(37.770983999999999, -122.42720799999999)"
N201209059005,116,116,0,0,100 Buchanan St,870003,CONSTRUCTION,2013-08-07,"(37.770856899999998, -122.4267431)"
N201204138282,11,8,0,0,"2419, 2421 &amp; 2435 Lombard St",937028,BP Filed,2012-04-13,"(37.798861000000002, -122.441503)"
N201209059006,191,191,0,0,218 Buchanan St,857001A,CONSTRUCTION,2013-11-12,"(37.772350000000003, -122.42627899999999)"
N201210041365,3,2,0,0,1880 Golden Gate Av,1152018,BP Filed,2012-10-04,"(37.778579000000001, -122.44152800000001)"
N201212196526,2,1,0,0,542 Moraga St,1932022,CONSTRUCTION,2013-12-12,"(37.756667999999998, -122.468745)"
N201212075751,3,1,0,0,519 Duboce Av,3538096,BP ISSUED,2013-08-23,"(37.769278200000002, -122.4317257)"
N201212136160,2,1,0,0,1379 Revere Av,4788017,CONSTRUCTION,2013-08-22,"(37.729111000000003, -122.38619199999999)"
N201212045401,2,1,0,0,1963 Oakdale Av,5319034,BP ISSUED,2013-07-10,"(37.738239, -122.397294)"
N201303273113,69,69,0,0,344 Fulton St,785029,BP ISSUED,2013-11-26,"(37.778891999999999, -122.4224657)"
N201212216752,190,190,0,0,1420 Mission St,3507039,BP ISSUED,2013-05-22,"(37.775094600000003, -122.4162006)"
N201208278277,3,1,0,0,253 Sanchez St,3558029,CONSTRUCTION,2013-12-09,"(37.765112999999999, -122.43059100000001)"
N201301298999,3,2,0,0,471 24th Av,1456013,BP REINSTATED,2013-02-20,"(37.780745000000003, -122.484038)"
N201311202405,72,72,0,0,346 Potrero Avenue,3962008,BP Filed,2013-11-20,"(37.765140000000002, -122.407816)"
N201211023396,3,3,0,0,946 Rhode Island St,4094024,BP Filed,2012-11-02,"(37.757935799999998, -122.40208749999999)"
N201210011010,3,1,0,0,2830 22nd St,4146019,BP Filed,2012-10-01,"(37.756137000000003, -122.410977)"
N201303212727,2,1,0,0,4616 03rd St,5306025,BP APPROVED,2013-12-12,"(37.736155400000001, -122.39041810000001)"
N201212196559,1,1,0,0,262 University St,5972040,BP ISSUED,2013-10-29,"(37.726688500000002, -122.41416630000001)"
N201211093910,6,6,0,0,3038 Clement St,1402023,BP Filed,2012-11-09,"(37.781857000000002, -122.4920777)"
N201301228425,2,1,0,0,2550 Webster St,580013,BP Filed,2013-01-22,"(37.794123900000002, -122.43290500000001)"
N201303222896,4,2,0,0,1022 Pierce St,754012,BP Filed,2013-03-22,"(37.779564700000002, -122.4353163)"
N201303283273,3,1,0,0,751 Webster St,797003,BP Filed,2013-03-28,"(37.777666799999999, -122.4300552)"
N201303283325,3,1,0,0,564 Fell St,819011,BP Filed,2013-03-28,"(37.775413499999999, -122.42716160000001)"
N201303071745,2,1,0,0,680 Spruce St,1066030,BP Filed,2013-03-07,"(37.782305999999998, -122.452972)"
N201303293418,2,1,0,0,1927 Golden Gate Av,1158037,BP Filed,2013-03-29,"(37.778024000000002, -122.44236600000001)"
N201302079711,2,1,0,0,774 33rd Av,1612017N,BP Filed,2013-02-07,"(37.774546999999998, -122.492605)"
N201301117743,2,1,0,0,645 20th Av,1624005B,BP Filed,2013-01-11,"(37.775677999999999, -122.479372)"
N201302069581,1,1,0,0,287 Cresta Vista Dr,2993088,BP ISSUED,2013-11-18,"(37.735346999999997, -122.453487)"
N201302210648,3,3,0,0,39 San Carlos St,3576018,PL Approved,2013-08-19,"(37.762239000000001, -122.420241)"
N201311041054,16,16,0,0,3420 18th St,3576090,BP Filed,2013-11-04,"(37.761893999999998, -122.4200228)"
N201302119939,2,2,0,0,1914 20th St,4071014,PL Filed,2013-10-25,"(37.759785899999997, -122.40052470000001)"
N201303122050,2,2,0,0,910 Carolina St,4160003,PL Filed,2013-04-25,"(37.756959000000002, -122.40019100000001)"
N201302140247,2,2,0,0,1750 Oakdale Av,5312014,BP Filed,2013-02-14,"(37.736206600000003, -122.3931346)"
N201303041387,4,4,0,0,270 Capitol Av,7113022,BP Filed,2013-03-04,"(37.712674999999997, -122.458854)"
N201302281136,1,1,0,0,477 Eucalyptus Dr,7295018,BP Filed,2013-02-28,"(37.730904000000002, -122.47764100000001)"
N201304225124,2,1,0,0,81 Glover St,151029,BP Filed,2013-04-22,"(37.797103800000002, -122.4165014)"
N201305096539,2,1,0,0,53 Manzanita Av,1043009,BP Filed,2013-05-09,"(37.785003000000003, -122.45135500000001)"
N201305207321,3,1,0,0,431 02nd Av,1542005,BP Filed,2013-05-20,"(37.780513900000003, -122.460277)"
N201306260603,2,1,0,0,2418 Balboa St,1568012,BP Filed,2013-06-26,"(37.776583000000002, -122.48492)"
N201304295719,2,1,0,0,1259 21st Av,1729012,BP Filed,2013-04-29,"(37.764217000000002, -122.479648)"
N201305287999,2,1,0,0,263 Lexington St,3596059,BP ISSUED,2013-12-18,"(37.7591939, -122.420376)"
N201306189882,3,1,0,0,3643 19th St,3598068,PL Filed,2013-07-30,"(37.759659900000003, -122.42466400000001)"
N201306038460,5,5,0,0,135 Wetmore St,212031,BP REINSTATED,2013-06-20,"(37.794186099999997, -122.4106769)"
N201305036062,139,139,0,0,555 Fulton St,794028,BP Filed,2013-05-03,"(37.7781941, -122.42581)"
N201306250390,2,1,0,0,1748 Oakdale Av,5312013,BP Filed,2013-06-25,"(37.736373, -122.39293000000001)"
N201305207414,2,1,0,0,1781 Quesada Av,5338032,BP Filed,2013-05-20,"(37.733981999999997, -122.39311499999999)"
N201304094098,2,1,0,0,208 Girard St,5980003,BP Filed,2013-04-09,"(37.729396000000001, -122.405756)"
N201306129341,2,2,0,0,333 Pennsylvania Av,4040025,BP REINSTATED,2013-06-24,"(37.762099900000003, -122.393219)"
N201306210213,109,109,0,0,2171 Third St,4045003,BP Filed,2013-06-21,"(37.762371799999997, -122.3886103)"
N201312093691,5,5,0,0,645 Texas St,4102026,BP Filed,2013-12-09,"(37.757962900000003, -122.394572)"
N201312234917,259,259,0,0,1201-1225 Tennessee Street,4172022,BP Filed,2013-12-23,"(37.755927999999997, -122.388603)"
N201307313198,3,1,0,0,967 Sutter St,300015,BP Filed,2013-07-31,"(37.788393999999997, -122.41622700000001)"
N201305217457,12,12,0,0,690 Page St,843016,BP Filed,2013-05-21,"(37.773063999999998, -122.43203200000001)"
N201311222590,1,1,0,0,1801 Scott St,1050007,BP Filed,2013-11-22,"(37.786490999999998, -122.438602)"
N201306149612,2,2,0,0,80 Blake St,1068003,BP Filed,2013-06-14,"(37.782499000000001, -122.45090999999999)"
N201306068876,1,1,0,0,1769 11th Av,2038A013,BP Filed,2013-06-06,"(37.754632000000001, -122.4678138)"
N201305298094,1,1,0,0,1758 12th Av,2038A019,BP Filed,2013-05-29,"(37.755355999999999, -122.468599)"
N201304184893,1,1,0,0,2451 19th Av,2406037,BP Filed,2013-04-18,"(37.742084400000003, -122.47567220000001)"
N201304023626,479,479,0,0,280 Beale St,3738004,BP ISSUED,2013-08-28,"(37.788879600000001, -122.3929894)"
N201305167075,8,8,0,0,259 Clara St,3753042,BP Filed,2013-05-16,"(37.778448099999999, -122.40358639999999)"
N201311202410,115,115,0,0,923 Folsom Street,3753106,BP Filed,2013-11-20,"(37.7797172, -122.40396629999999)"
N201305036140,6,6,0,0,5 Hallam St,3755096,BP Filed,2013-05-03,"(37.775778500000001, -122.40844920000001)"
N201306199977,9,9,0,0,131 Missouri St,3985024,BP Filed,2013-06-19,"(37.764679999999998, -122.396413)"
N201305026020,3,3,0,0,1100 Potrero Av,4211001,BP Filed,2013-05-02,"(37.754407999999998, -122.406811)"
N201312103821,2,1,0,0,750 27th Street,6583010,BP Filed,2013-12-10,"(37.746391899999999, -122.43690650000001)"
N201306068799,1,1,0,0,2127 Castro St,6612026,BP Filed,2013-06-06,"(37.744447000000001, -122.4331)"
N201307303164,2,1,0,0,5000 Mission St,6968008,BP Filed,2013-07-30,"(37.718544999999999, -122.43978199999999)"
N201212246822,263,263,0,0,718 Long Bridge St,8710007,CONSTRUCTION,2013-12-12,"(37.773372999999999, -122.3915696)"
N201203135986,188,188,0,0,701 Long Bridge St,8711019,BP ISSUED,2012-03-26,"(37.773372999999999, -122.3915696)"
N201203135987,172,172,0,0,1200 04th St,8711017,BP ISSUED,2012-03-26,"(37.772832299999997, -122.3914201)"
N201310310847,3,3,0,0,777 Valencia St,3589108,BP Filed,2013-10-31,"(37.760441999999998, -122.421593)"
N201311222623,2,1,0,0,961 Church St,3619039,BP Filed,2013-11-22,"(37.755462999999999, -122.427561)"
N201307111596,3,1,0,0,2028 Beach St,913011,BP Filed,2013-07-11,"(37.803941999999999, -122.44243899999999)"
N201309066225,4,2,0,0,2429 Chestnut St,935024,BP Filed,2013-09-06,"(37.799871000000003, -122.443268)"
N201309247562,2,1,0,0,2755 Mcallister St,1168040,BP Filed,2013-09-24,"(37.775264, -122.457374)"
N201308083897,1,1,0,0,1535 Oak St,1222043,BP Filed,2013-08-08,"(37.772066000000002, -122.444389)"
N201308225028,3,1,0,0,735 Clayton St,1253009,BP Filed,2013-08-22,"(37.768104999999998, -122.448043)"
N201309126618,2,1,0,0,618 17th Av,1628028,BP Filed,2013-09-12,"(37.77628, -122.475745)"
N201309197251,2,1,0,0,1433 48th Av,1805006,BP Filed,2013-09-19,"(37.759509999999999, -122.507818)"
N201309126610,2,1,0,0,1474 48th Av,1806019A,BP Filed,2013-09-12,"(37.758695000000003, -122.507732)"
N201307292973,2,1,0,0,349 Corbett Av,2659054,BP Filed,2013-07-29,"(37.759818000000003, -122.444755)"
N201307292931,3,1,0,0,3932 23rd St,3625011A,BP Filed,2013-07-29,"(37.752997000000001, -122.4302)"
N201307252822,3,1,0,0,1150 South Van Ness Av,3637010,BP Filed,2013-07-25,"(37.754814000000003, -122.41658099999999)"
N201308093998,1,1,0,0,47 Moss St,3731119,BP Filed,2013-08-09,"(37.777813000000002, -122.40803099999999)"
N201307303167,37,1,0,0,720 York St,4080015,BP Filed,2013-07-30,"(37.760263999999999, -122.40896100000001)"
N201307252819,2,1,0,0,858 Florida St,4085010,PL Filed,2013-10-28,"(37.758066999999997, -122.41055799999999)"
N201307051214,2,1,0,0,949 Hampshire St,4142030,BP Filed,2013-07-05,"(37.756945999999999, -122.40778299999999)"
N201308235132,2,1,0,0,56 Lucy St,5410008,BP Filed,2013-08-23,"(37.729942000000001, -122.393494)"
N201307121722,2,1,0,0,1510 York St,5514002,BP Filed,2013-07-12,"(37.748227999999997, -122.40783999999999)"
N201307021054,2,1,0,0,203 Russia Av,6086012C,BP Filed,2013-07-02,"(37.720624999999998, -122.43546600000001)"
N201308124073,2,1,0,0,42 Homestead St,6503006,BP Filed,2013-08-12,"(37.750205000000001, -122.439257)"
N201308093997,722,2,0,0,515 John Muir Dr,7282005,BP Filed,2013-08-09,"(37.714910000000003, -122.493222)"
N201307303152,2,2,0,0,3305 Broderick St,926008,PL Filed,2013-10-15,"(37.800769000000003, -122.44459000000001)"
N201307313252,3,2,0,0,1681 Fulton St,1185026,BP Filed,2013-07-31,"(37.775984000000001, -122.44437000000001)"
N201307161993,2,1,0,0,261 10th Av,1423015,BP Filed,2013-07-16,"(37.783465999999997, -122.468582)"
N201307151829,2,2,0,0,579 39th Av,1505014,BP Filed,2013-07-15,"(37.777816999999999, -122.499503)"
N201307262866,2,2,0,0,721 Kirkham St,1857036,BP Filed,2013-07-26,"(37.76003, -122.46824700000001)"
N201307222456,2,2,0,0,715 Kirkham St,1857037,BP Filed,2013-07-22,"(37.76003, -122.46816800000001)"
N201307151824,1,1,0,0,1762 12th Av,2038A018,BP Filed,2013-07-15,"(37.755571000000003, -122.468819)"
N201202295147,9,9,0,0,451 Hudson Av,4591C045,BP ISSUED,2013-05-17,"(37.733829999999998, -122.37718099999999)"
N201308285446,2,2,0,0,153 Arkansas St,3983014,BP Filed,2013-08-28,"(37.764339, -122.398628)"
N201312164322,2,2,0,0,3516 Folsom St,5626013,BP Filed,2013-12-16,"(37.742279000000003, -122.413442)"
N201307222452,1,1,0,0,1893 Oakdale Av,5320015,BP Filed,2013-07-22,"(37.737740000000002, -122.39563099999999)"
N201308305736,2,2,0,0,270 Brighton Av,6944044,BP Filed,2013-08-30,"(37.722917000000002, -122.454882)"
N201309237536,1,1,0,0,122 Arch St,7119027,BP Filed,2013-09-23,"(37.712636000000003, -122.46686099999999)"
N201312174396,1,1,0,0,3040 24th St,3640079,BP Filed,2013-12-17,"(37.752563000000002, -122.412814)"
N201308124103,2,2,0,0,700 Brotherhood Wy,7332003,CONSTRUCTION,2013-12-13,"(37.712631999999999, -122.472583)"
N200907223197,63,63,0,0,101 Donahue St,4591C042,CONSTRUCTION,2013-12-31,"(37.7150581, -122.3824994)"
N201310300683,2,1,0,0,114 Chattanooga St,3629007,BP Filed,2013-10-30,"(37.754708000000001, -122.42635300000001)"
N201311051179,3,1,0,0,778 Vallejo St,130020,BP Filed,2013-11-05,"(37.798504000000001, -122.409766)"
N201311222660,77,77,0,0,2155 Webster St,629037,BP Filed,2013-11-22,"(37.790570000000002, -122.432337)"
N201310310802,2,1,0,0,522 08th Av,1550045,BP Filed,2013-10-31,"(37.778525000000002, -122.46606)"
N201311010862,2,1,0,0,1424 10th Av,1844040,BP Filed,2013-11-01,"(37.761564999999997, -122.467082)"
N201312315322,2,1,0,0,1596 09th Av,1854016A,BP Filed,2013-12-31,"(37.758367, -122.46578599999999)"
N201310038412,2,1,0,0,2808 Market St,2651008,BP Filed,2013-10-03,"(37.761305999999998, -122.439323)"
N201312265013,2,1,0,0,4621 19th St,2701A019,BP Filed,2013-12-26,"(37.758929999999999, -122.440549)"
N201311010933,2,1,0,0,1936 Folsom St,3552008,BP Filed,2013-11-01,"(37.766340999999997, -122.415409)"
N201312305300,2,1,0,0,1749 Dolores St,6659006,BP Filed,2013-12-30,"(37.741250000000001, -122.423884)"
N201312093701,2,1,0,0,22 Fairmount St,6662007,BP Filed,2013-12-09,"(37.738930000000003, -122.42474900000001)"
N200912223671,35,35,0,0,401 Innes Av,4591C095,BP ISSUED,2013-04-16,"(37.729871500000002, -122.3719972)"
N200912223673,34,34,0,0,50 Jerrold Av,4591C099,BP ISSUED,2013-04-16,"(37.728205799999998, -122.37070180000001)"
N200907223200,25,25,0,0,201 Donahue St,4591C093,CONSTRUCTION,2013-12-05,"(37.727471299999998, -122.3713528)"
N201304265571,19,19,0,0,1816 Eddy St,1127064,BP ISSUED,2013-07-23,"(37.780796000000002, -122.43725999999999)"
N200912223674,12,12,0,0,200 Coleman St,4591C098,BP ISSUED,2012-11-26,"(37.727846499999998, -122.3684727)"
N200912223677,12,12,0,0,201 Friedell St,4591C094,BP ISSUED,2013-01-25,"(37.728107600000001, -122.37010669999999)"
N200912223676,12,12,0,0,198 Coleman St,4591C069,BP ISSUED,2012-11-26,"(37.727846499999998, -122.3684727)"
N200706204573,11,11,0,0,3418 26th St,6529012,CONSTRUCTION,2013-07-08,"(37.749099000000001, -122.418875)"
N201202295141,9,9,0,0,100 Avocet Wy,4591C057,BP ISSUED,2013-05-17,"(37.777676500000013, -122.28056770000001)"
N201202295146,9,9,0,0,421 Hudson Av,4591C068,BP ISSUED,2013-05-17,"(37.731747800000001, -122.3736543)"
N201202295142,9,9,0,0,101 Avocet Wy,4591C059,BP ISSUED,2013-05-17,"(37.777705699999999, -122.2805662)"
N201202295145,9,9,0,0,470 Innes Av,4591C046,BP ISSUED,2013-05-17,"(37.7299376, -122.372051)"
N201202295144,9,9,0,0,420 Innes Av,4591C070,BP ISSUED,2013-05-17,"(37.7299376, -122.372051)"
N200608290916,8,8,0,0,382 Randolph St,7088051,BP APPROVED,2011-11-28,"(37.714301900000002, -122.46613910000001)"
N200710185839,6,6,0,0,350 Linden St,817069,CONSTRUCTION,2013-07-12,"(37.776426999999998, -122.423498)"
N201304033682,6,6,0,0,1409 Sutter St,689016,BP ISSUED,2013-06-27,"(37.787421000000002, -122.423429)"
N200704128664,8,5,0,0,95 Leland Av,6250037,BP REINSTATED,2010-03-05,"(37.711804000000001, -122.405613)"
N201311273026,3,1,0,0,2356 Bryant St,4145012,BP Filed,2013-11-27,"(37.756715, -122.40940999999999)"
N201312134188,2,1,0,0,1340 Alabama St,4271008,BP Filed,2013-12-13,"(37.750418000000003, -122.41083999999999)"
N201310119147,3,1,0,0,1302 York St,4274001,BP Filed,2013-10-11,"(37.751196999999998, -122.408075)"
N201310078710,2,1,0,0,1432 York St,4335001E,BP Filed,2013-10-07,"(37.749206000000001, -122.407814)"
N201310159297,2,1,0,0,1756 Revere Av,5338018,BP Filed,2013-10-15,"(37.733130000000003, -122.392881)"
N201312315336,3,2,0,0,5875 Mission St,6472022,BP Filed,2013-12-31,"(37.708751999999997, -122.452123)"
N201312204680,1,1,0,0,2251 Greenwich St,515031,BP Filed,2013-12-20,"(37.798876999999997, -122.43669800000001)"
N201311222657,110,110,0,0,1554 Market St,836007,BP Filed,2013-11-22,"(37.775367000000003, -122.41901)"
N201310048576,1,1,0,0,2855 Filbert St,948029,BP Filed,2013-10-04,"(37.796717999999998, -122.446353)"
N201310119178,7,7,0,0,1823 Turk St,1153020,BP Filed,2013-10-11,"(37.779662000000002, -122.438864)"
N201311041047,4,4,0,0,1631 Mcallister St,1179024A,BP Filed,2013-11-04,"(37.777768000000002, -122.438672)"
N201312134211,1,1,0,0,830 El Camino Del Mar *,1312022,BP Filed,2013-12-13,"(37.786628999999998, -122.493183)"
N201310169408,2,2,0,0,1271 19th Av,1731015,BP Filed,2013-10-16,"(37.763973, -122.477211)"
N201310219830,2,1,0,0,24 Ord Ct,2619066,BP Filed,2013-10-21,"(37.763429000000002, -122.439882)"
N201310219817,2,1,0,0,22 Ord Ct,2619067,BP Filed,2013-10-21,"(37.763829000000001, -122.44058200000001)"
N201310078679,9,9,0,0,33 Norfolk St,3521053A,BP Filed,2013-10-07,"(37.771070000000002, -122.41386)"
N201312174382,351,351,0,0,1979 Mission St,3553052,BP Filed,2013-12-17,"(37.765355999999997, -122.419702)"
N201312134205,1,1,0,0,3721 21st St,3621081,BP Filed,2013-12-13,"(37.756388000000001, -122.43059)"
N201310088785,5,5,0,0,34 Langton St,3730096,BP Filed,2013-10-08,"(37.777129000000002, -122.409282)"
N201312315375,2,2,0,0,1212 Egbert Av,4909003,BP Filed,2013-12-31,"(37.720652999999999, -122.389301)"
N201312305292,1,1,0,0,1551 Shotwell St,5545017,BP Filed,2013-12-30,"(37.744571000000001, -122.414981)"
N201312305280,1,1,0,0,1525 Shotwell St,5545019,BP Filed,2013-12-30,"(37.744810000000001, -122.414981)"
N201312164318,1,1,0,0,3526 Folsom St,5626014,BP Filed,2013-12-16,"(37.742237000000003, -122.413445)"
N201312043311,1,1,0,0,701 Silver Av,5896022,BP Filed,2013-12-04,"(37.728731000000003, -122.421582)"
N201312265039,1,1,0,0,23 Canyon Dr,6435012,BP Filed,2013-12-26,"(37.708598000000002, -122.430074)"
N201312315425,1,1,0,0,2 Byron Ct,6489090,BP Filed,2013-12-31,"(37.709453000000003, -122.44332900000001)"
N201310250236,2,2,0,0,5670 Mission St,7099009,BP Filed,2013-10-25,"(37.710011999999999, -122.448413)"
